[
{
  "model": "admin.logentry",
  "pk": 1,
  "fields": {
    "action_time": "2026-02-05T19:01:07.217Z",
    "user": 1,
    "content_type": 8,
    "object_id": "2",
    "object_repr": "rocky20809@gmail.com (user)",
    "action_flag": 3,
    "change_message": ""
  }
},
{
  "model": "admin.logentry",
  "pk": 2,
  "fields": {
    "action_time": "2026-02-07T13:02:16.894Z",
    "user": 1,
    "content_type": 8,
    "object_id": "1",
    "object_repr": "admin@django.com (admin)",
    "action_flag": 2,
    "change_message": "[{\"changed\": {\"fields\": [\"Email verified\", \"Phone verified\", \"Verified identity\"]}}]"
  }
},
{
  "model": "admin.logentry",
  "pk": 3,
  "fields": {
    "action_time": "2026-02-07T13:02:28.461Z",
    "user": 1,
    "content_type": 8,
    "object_id": "3",
    "object_repr": "rocky20809@gmail.com (user)",
    "action_flag": 2,
    "change_message": "[{\"changed\": {\"fields\": [\"Phone verified\", \"Verified identity\", \"Pet owner verified\"]}}]"
  }
},
{
  "model": "admin.logentry",
  "pk": 4,
  "fields": {
    "action_time": "2026-02-07T13:16:30.552Z",
    "user": 1,
    "content_type": 8,
    "object_id": "4",
    "object_repr": "imtiaz@jetixia.com (user)",
    "action_flag": 2,
    "change_message": "[{\"changed\": {\"fields\": [\"Email verified\", \"Phone verified\", \"Verified identity\", \"Is active\"]}}]"
  }
},
{
  "model": "admin.logentry",
  "pk": 5,
  "fields": {
    "action_time": "2026-02-07T14:02:41.296Z",
    "user": 1,
    "content_type": 8,
    "object_id": "4",
    "object_repr": "imtiaz@jetixia.com (user)",
    "action_flag": 3,
    "change_message": ""
  }
},
{
  "model": "admin.logentry",
  "pk": 6,
  "fields": {
    "action_time": "2026-02-07T15:12:10.041Z",
    "user": 1,
    "content_type": 8,
    "object_id": "7",
    "object_repr": "imtiaz@jetixia.com (user)",
    "action_flag": 3,
    "change_message": ""
  }
},
{
  "model": "admin.logentry",
  "pk": 7,
  "fields": {
    "action_time": "2026-02-07T15:47:14.210Z",
    "user": 1,
    "content_type": 8,
    "object_id": "8",
    "object_repr": "imtiaz@jetixia.com (user)",
    "action_flag": 3,
    "change_message": ""
  }
},
{
  "model": "admin.logentry",
  "pk": 8,
  "fields": {
    "action_time": "2026-02-07T16:06:08.012Z",
    "user": 1,
    "content_type": 8,
    "object_id": "9",
    "object_repr": "imtiaz@jetixia.com (user)",
    "action_flag": 3,
    "change_message": ""
  }
},
{
  "model": "admin.logentry",
  "pk": 9,
  "fields": {
    "action_time": "2026-02-07T16:30:25.416Z",
    "user": 1,
    "content_type": 8,
    "object_id": "3",
    "object_repr": "rocky20809@gmail.com (user)",
    "action_flag": 3,
    "change_message": ""
  }
},
{
  "model": "admin.logentry",
  "pk": 10,
  "fields": {
    "action_time": "2026-02-07T16:30:38.279Z",
    "user": 1,
    "content_type": 8,
    "object_id": "10",
    "object_repr": "imtiaz@jetixia.com (user)",
    "action_flag": 3,
    "change_message": ""
  }
},
{
  "model": "admin.logentry",
  "pk": 11,
  "fields": {
    "action_time": "2026-02-07T16:39:06.269Z",
    "user": 1,
    "content_type": 8,
    "object_id": "11",
    "object_repr": "rocky20809@gmail.com (user)",
    "action_flag": 3,
    "change_message": ""
  }
},
{
  "model": "admin.logentry",
  "pk": 12,
  "fields": {
    "action_time": "2026-02-07T20:14:14.397Z",
    "user": 1,
    "content_type": 8,
    "object_id": "15",
    "object_repr": "provider1@pcp.com (service_provider)",
    "action_flag": 2,
    "change_message": "[{\"changed\": {\"fields\": [\"Role\"]}}]"
  }
},
{
  "model": "admin.logentry",
  "pk": 13,
  "fields": {
    "action_time": "2026-02-07T20:19:40.273Z",
    "user": 1,
    "content_type": 8,
    "object_id": "15",
    "object_repr": "provider1@pcp.com (service_provider)",
    "action_flag": 2,
    "change_message": "[{\"changed\": {\"fields\": [\"Verified identity\"]}}]"
  }
},
{
  "model": "admin.logentry",
  "pk": 14,
  "fields": {
    "action_time": "2026-02-07T20:20:22.683Z",
    "user": 1,
    "content_type": 8,
    "object_id": "24",
    "object_repr": "provider10@pcp.com (service_provider)",
    "action_flag": 2,
    "change_message": "[{\"changed\": {\"fields\": [\"Location city\", \"Location country\", \"Zip code\", \"Verified identity\", \"Is active\"]}}]"
  }
},
{
  "model": "admin.logentry",
  "pk": 15,
  "fields": {
    "action_time": "2026-02-07T20:21:06.042Z",
    "user": 1,
    "content_type": 8,
    "object_id": "23",
    "object_repr": "provider9@pcp.com (service_provider)",
    "action_flag": 2,
    "change_message": "[{\"changed\": {\"fields\": [\"Location city\", \"Location country\", \"Zip code\", \"Verified identity\", \"Is active\"]}}]"
  }
},
{
  "model": "admin.logentry",
  "pk": 16,
  "fields": {
    "action_time": "2026-02-07T20:21:29.291Z",
    "user": 1,
    "content_type": 8,
    "object_id": "22",
    "object_repr": "provider8@pcp.com (service_provider)",
    "action_flag": 2,
    "change_message": "[{\"changed\": {\"fields\": [\"Location city\", \"Location country\", \"Zip code\", \"Verified identity\", \"Is active\"]}}]"
  }
},
{
  "model": "admin.logentry",
  "pk": 17,
  "fields": {
    "action_time": "2026-02-07T20:21:43.181Z",
    "user": 1,
    "content_type": 8,
    "object_id": "21",
    "object_repr": "provider7@pcp.com (service_provider)",
    "action_flag": 2,
    "change_message": "[{\"changed\": {\"fields\": [\"Location city\", \"Location country\", \"Zip code\", \"Verified identity\", \"Is active\"]}}]"
  }
},
{
  "model": "admin.logentry",
  "pk": 18,
  "fields": {
    "action_time": "2026-02-07T20:22:13.694Z",
    "user": 1,
    "content_type": 8,
    "object_id": "20",
    "object_repr": "provider6@pcp.com (service_provider)",
    "action_flag": 2,
    "change_message": "[{\"changed\": {\"fields\": [\"Location city\", \"Location country\", \"Zip code\", \"Verified identity\", \"Is active\"]}}]"
  }
},
{
  "model": "admin.logentry",
  "pk": 19,
  "fields": {
    "action_time": "2026-02-07T20:22:29.103Z",
    "user": 1,
    "content_type": 8,
    "object_id": "19",
    "object_repr": "provider5@pcp.com (service_provider)",
    "action_flag": 2,
    "change_message": "[{\"changed\": {\"fields\": [\"Location city\", \"Location country\", \"Zip code\", \"Verified identity\", \"Is active\"]}}]"
  }
},
{
  "model": "admin.logentry",
  "pk": 20,
  "fields": {
    "action_time": "2026-02-07T20:22:42.531Z",
    "user": 1,
    "content_type": 8,
    "object_id": "18",
    "object_repr": "provider4@pcp.com (service_provider)",
    "action_flag": 2,
    "change_message": "[{\"changed\": {\"fields\": [\"Location city\", \"Location country\", \"Zip code\", \"Verified identity\", \"Is active\"]}}]"
  }
},
{
  "model": "admin.logentry",
  "pk": 21,
  "fields": {
    "action_time": "2026-02-07T20:22:59.680Z",
    "user": 1,
    "content_type": 8,
    "object_id": "17",
    "object_repr": "provider3@pcp.com (service_provider)",
    "action_flag": 2,
    "change_message": "[{\"changed\": {\"fields\": [\"Location city\", \"Location country\", \"Zip code\", \"Verified identity\", \"Is active\"]}}]"
  }
},
{
  "model": "admin.logentry",
  "pk": 22,
  "fields": {
    "action_time": "2026-02-07T20:23:25.005Z",
    "user": 1,
    "content_type": 8,
    "object_id": "16",
    "object_repr": "provider2@pcp.com (service_provider)",
    "action_flag": 2,
    "change_message": "[{\"changed\": {\"fields\": [\"Location city\", \"Location country\", \"Zip code\", \"Verified identity\", \"Is active\"]}}]"
  }
},
{
  "model": "admin.logentry",
  "pk": 23,
  "fields": {
    "action_time": "2026-02-07T20:23:48.719Z",
    "user": 1,
    "content_type": 8,
    "object_id": "30",
    "object_repr": "provider16@pcp.com (service_provider)",
    "action_flag": 2,
    "change_message": "[{\"changed\": {\"fields\": [\"Location city\", \"Location country\", \"Zip code\", \"Verified identity\", \"Is active\"]}}]"
  }
},
{
  "model": "admin.logentry",
  "pk": 24,
  "fields": {
    "action_time": "2026-02-07T20:24:06.606Z",
    "user": 1,
    "content_type": 8,
    "object_id": "29",
    "object_repr": "provider15@pcp.com (service_provider)",
    "action_flag": 2,
    "change_message": "[{\"changed\": {\"fields\": [\"Location city\", \"Location country\", \"Zip code\", \"Verified identity\", \"Is active\"]}}]"
  }
},
{
  "model": "admin.logentry",
  "pk": 25,
  "fields": {
    "action_time": "2026-02-07T20:24:19.281Z",
    "user": 1,
    "content_type": 8,
    "object_id": "28",
    "object_repr": "provider14@pcp.com (service_provider)",
    "action_flag": 2,
    "change_message": "[{\"changed\": {\"fields\": [\"Location city\", \"Location country\", \"Zip code\", \"Verified identity\", \"Is active\"]}}]"
  }
},
{
  "model": "admin.logentry",
  "pk": 26,
  "fields": {
    "action_time": "2026-02-07T20:24:29.125Z",
    "user": 1,
    "content_type": 8,
    "object_id": "28",
    "object_repr": "provider14@pcp.com (service_provider)",
    "action_flag": 2,
    "change_message": "[]"
  }
},
{
  "model": "admin.logentry",
  "pk": 27,
  "fields": {
    "action_time": "2026-02-07T20:24:39.883Z",
    "user": 1,
    "content_type": 8,
    "object_id": "27",
    "object_repr": "provider13@pcp.com (service_provider)",
    "action_flag": 2,
    "change_message": "[{\"changed\": {\"fields\": [\"Location city\", \"Location country\", \"Zip code\", \"Verified identity\", \"Is active\"]}}]"
  }
},
{
  "model": "admin.logentry",
  "pk": 28,
  "fields": {
    "action_time": "2026-02-07T20:24:52.359Z",
    "user": 1,
    "content_type": 8,
    "object_id": "26",
    "object_repr": "provider12@pcp.com (service_provider)",
    "action_flag": 2,
    "change_message": "[{\"changed\": {\"fields\": [\"Location city\", \"Location country\", \"Zip code\", \"Verified identity\", \"Is active\"]}}]"
  }
},
{
  "model": "admin.logentry",
  "pk": 29,
  "fields": {
    "action_time": "2026-02-07T20:25:08.987Z",
    "user": 1,
    "content_type": 8,
    "object_id": "25",
    "object_repr": "provider11@pcp.com (service_provider)",
    "action_flag": 2,
    "change_message": "[{\"changed\": {\"fields\": [\"Location city\", \"Location country\", \"Zip code\", \"Verified identity\", \"Is active\"]}}]"
  }
},
{
  "model": "admin.logentry",
  "pk": 30,
  "fields": {
    "action_time": "2026-02-07T20:27:13.357Z",
    "user": 1,
    "content_type": 8,
    "object_id": "16",
    "object_repr": "provider@pcp.com (service_provider)",
    "action_flag": 2,
    "change_message": "[{\"changed\": {\"fields\": [\"Email\"]}}]"
  }
},
{
  "model": "admin.logentry",
  "pk": 31,
  "fields": {
    "action_time": "2026-02-08T16:34:53.854Z",
    "user": 1,
    "content_type": 8,
    "object_id": "12",
    "object_repr": "rocky20809@gmail.com (user)",
    "action_flag": 2,
    "change_message": "[{\"changed\": {\"fields\": [\"Phone verified\", \"Verified identity\"]}}]"
  }
},
{
  "model": "admin.logentry",
  "pk": 32,
  "fields": {
    "action_time": "2026-02-09T16:56:41.209Z",
    "user": 1,
    "content_type": 23,
    "object_id": "4",
    "object_repr": "Booking: Canine Behavior Solutions for Quon Heath on 2026-02-09",
    "action_flag": 2,
    "change_message": "[{\"changed\": {\"fields\": [\"Status\"]}}]"
  }
},
{
  "model": "admin.logentry",
  "pk": 33,
  "fields": {
    "action_time": "2026-02-09T18:22:49.702Z",
    "user": 1,
    "content_type": 23,
    "object_id": "5",
    "object_repr": "Booking: Mobile Grooming Express for Bruno on 2026-02-20",
    "action_flag": 2,
    "change_message": "[{\"changed\": {\"fields\": [\"Status\"]}}]"
  }
},
{
  "model": "auth.permission",
  "pk": 1,
  "fields": {
    "name": "Can add log entry",
    "content_type": 1,
    "codename": "add_logentry"
  }
},
{
  "model": "auth.permission",
  "pk": 2,
  "fields": {
    "name": "Can change log entry",
    "content_type": 1,
    "codename": "change_logentry"
  }
},
{
  "model": "auth.permission",
  "pk": 3,
  "fields": {
    "name": "Can delete log entry",
    "content_type": 1,
    "codename": "delete_logentry"
  }
},
{
  "model": "auth.permission",
  "pk": 4,
  "fields": {
    "name": "Can view log entry",
    "content_type": 1,
    "codename": "view_logentry"
  }
},
{
  "model": "auth.permission",
  "pk": 5,
  "fields": {
    "name": "Can add permission",
    "content_type": 2,
    "codename": "add_permission"
  }
},
{
  "model": "auth.permission",
  "pk": 6,
  "fields": {
    "name": "Can change permission",
    "content_type": 2,
    "codename": "change_permission"
  }
},
{
  "model": "auth.permission",
  "pk": 7,
  "fields": {
    "name": "Can delete permission",
    "content_type": 2,
    "codename": "delete_permission"
  }
},
{
  "model": "auth.permission",
  "pk": 8,
  "fields": {
    "name": "Can view permission",
    "content_type": 2,
    "codename": "view_permission"
  }
},
{
  "model": "auth.permission",
  "pk": 9,
  "fields": {
    "name": "Can add group",
    "content_type": 3,
    "codename": "add_group"
  }
},
{
  "model": "auth.permission",
  "pk": 10,
  "fields": {
    "name": "Can change group",
    "content_type": 3,
    "codename": "change_group"
  }
},
{
  "model": "auth.permission",
  "pk": 11,
  "fields": {
    "name": "Can delete group",
    "content_type": 3,
    "codename": "delete_group"
  }
},
{
  "model": "auth.permission",
  "pk": 12,
  "fields": {
    "name": "Can view group",
    "content_type": 3,
    "codename": "view_group"
  }
},
{
  "model": "auth.permission",
  "pk": 13,
  "fields": {
    "name": "Can add content type",
    "content_type": 4,
    "codename": "add_contenttype"
  }
},
{
  "model": "auth.permission",
  "pk": 14,
  "fields": {
    "name": "Can change content type",
    "content_type": 4,
    "codename": "change_contenttype"
  }
},
{
  "model": "auth.permission",
  "pk": 15,
  "fields": {
    "name": "Can delete content type",
    "content_type": 4,
    "codename": "delete_contenttype"
  }
},
{
  "model": "auth.permission",
  "pk": 16,
  "fields": {
    "name": "Can view content type",
    "content_type": 4,
    "codename": "view_contenttype"
  }
},
{
  "model": "auth.permission",
  "pk": 17,
  "fields": {
    "name": "Can add session",
    "content_type": 5,
    "codename": "add_session"
  }
},
{
  "model": "auth.permission",
  "pk": 18,
  "fields": {
    "name": "Can change session",
    "content_type": 5,
    "codename": "change_session"
  }
},
{
  "model": "auth.permission",
  "pk": 19,
  "fields": {
    "name": "Can delete session",
    "content_type": 5,
    "codename": "delete_session"
  }
},
{
  "model": "auth.permission",
  "pk": 20,
  "fields": {
    "name": "Can view session",
    "content_type": 5,
    "codename": "view_session"
  }
},
{
  "model": "auth.permission",
  "pk": 21,
  "fields": {
    "name": "Can add blacklisted token",
    "content_type": 6,
    "codename": "add_blacklistedtoken"
  }
},
{
  "model": "auth.permission",
  "pk": 22,
  "fields": {
    "name": "Can change blacklisted token",
    "content_type": 6,
    "codename": "change_blacklistedtoken"
  }
},
{
  "model": "auth.permission",
  "pk": 23,
  "fields": {
    "name": "Can delete blacklisted token",
    "content_type": 6,
    "codename": "delete_blacklistedtoken"
  }
},
{
  "model": "auth.permission",
  "pk": 24,
  "fields": {
    "name": "Can view blacklisted token",
    "content_type": 6,
    "codename": "view_blacklistedtoken"
  }
},
{
  "model": "auth.permission",
  "pk": 25,
  "fields": {
    "name": "Can add outstanding token",
    "content_type": 7,
    "codename": "add_outstandingtoken"
  }
},
{
  "model": "auth.permission",
  "pk": 26,
  "fields": {
    "name": "Can change outstanding token",
    "content_type": 7,
    "codename": "change_outstandingtoken"
  }
},
{
  "model": "auth.permission",
  "pk": 27,
  "fields": {
    "name": "Can delete outstanding token",
    "content_type": 7,
    "codename": "delete_outstandingtoken"
  }
},
{
  "model": "auth.permission",
  "pk": 28,
  "fields": {
    "name": "Can view outstanding token",
    "content_type": 7,
    "codename": "view_outstandingtoken"
  }
},
{
  "model": "auth.permission",
  "pk": 29,
  "fields": {
    "name": "Can add User",
    "content_type": 8,
    "codename": "add_user"
  }
},
{
  "model": "auth.permission",
  "pk": 30,
  "fields": {
    "name": "Can change User",
    "content_type": 8,
    "codename": "change_user"
  }
},
{
  "model": "auth.permission",
  "pk": 31,
  "fields": {
    "name": "Can delete User",
    "content_type": 8,
    "codename": "delete_user"
  }
},
{
  "model": "auth.permission",
  "pk": 32,
  "fields": {
    "name": "Can view User",
    "content_type": 8,
    "codename": "view_user"
  }
},
{
  "model": "auth.permission",
  "pk": 33,
  "fields": {
    "name": "Can add role request",
    "content_type": 9,
    "codename": "add_rolerequest"
  }
},
{
  "model": "auth.permission",
  "pk": 34,
  "fields": {
    "name": "Can change role request",
    "content_type": 9,
    "codename": "change_rolerequest"
  }
},
{
  "model": "auth.permission",
  "pk": 35,
  "fields": {
    "name": "Can delete role request",
    "content_type": 9,
    "codename": "delete_rolerequest"
  }
},
{
  "model": "auth.permission",
  "pk": 36,
  "fields": {
    "name": "Can view role request",
    "content_type": 9,
    "codename": "view_rolerequest"
  }
},
{
  "model": "auth.permission",
  "pk": 37,
  "fields": {
    "name": "Can add user trust review",
    "content_type": 10,
    "codename": "add_usertrustreview"
  }
},
{
  "model": "auth.permission",
  "pk": 38,
  "fields": {
    "name": "Can change user trust review",
    "content_type": 10,
    "codename": "change_usertrustreview"
  }
},
{
  "model": "auth.permission",
  "pk": 39,
  "fields": {
    "name": "Can delete user trust review",
    "content_type": 10,
    "codename": "delete_usertrustreview"
  }
},
{
  "model": "auth.permission",
  "pk": 40,
  "fields": {
    "name": "Can view user trust review",
    "content_type": 10,
    "codename": "view_usertrustreview"
  }
},
{
  "model": "auth.permission",
  "pk": 41,
  "fields": {
    "name": "Can add personality trait",
    "content_type": 11,
    "codename": "add_personalitytrait"
  }
},
{
  "model": "auth.permission",
  "pk": 42,
  "fields": {
    "name": "Can change personality trait",
    "content_type": 11,
    "codename": "change_personalitytrait"
  }
},
{
  "model": "auth.permission",
  "pk": 43,
  "fields": {
    "name": "Can delete personality trait",
    "content_type": 11,
    "codename": "delete_personalitytrait"
  }
},
{
  "model": "auth.permission",
  "pk": 44,
  "fields": {
    "name": "Can view personality trait",
    "content_type": 11,
    "codename": "view_personalitytrait"
  }
},
{
  "model": "auth.permission",
  "pk": 45,
  "fields": {
    "name": "Can add pet media",
    "content_type": 12,
    "codename": "add_petmedia"
  }
},
{
  "model": "auth.permission",
  "pk": 46,
  "fields": {
    "name": "Can change pet media",
    "content_type": 12,
    "codename": "change_petmedia"
  }
},
{
  "model": "auth.permission",
  "pk": 47,
  "fields": {
    "name": "Can delete pet media",
    "content_type": 12,
    "codename": "delete_petmedia"
  }
},
{
  "model": "auth.permission",
  "pk": 48,
  "fields": {
    "name": "Can view pet media",
    "content_type": 12,
    "codename": "view_petmedia"
  }
},
{
  "model": "auth.permission",
  "pk": 49,
  "fields": {
    "name": "Can add pet profile",
    "content_type": 13,
    "codename": "add_petprofile"
  }
},
{
  "model": "auth.permission",
  "pk": 50,
  "fields": {
    "name": "Can change pet profile",
    "content_type": 13,
    "codename": "change_petprofile"
  }
},
{
  "model": "auth.permission",
  "pk": 51,
  "fields": {
    "name": "Can delete pet profile",
    "content_type": 13,
    "codename": "delete_petprofile"
  }
},
{
  "model": "auth.permission",
  "pk": 52,
  "fields": {
    "name": "Can view pet profile",
    "content_type": 13,
    "codename": "view_petprofile"
  }
},
{
  "model": "auth.permission",
  "pk": 53,
  "fields": {
    "name": "Can add pet personality",
    "content_type": 14,
    "codename": "add_petpersonality"
  }
},
{
  "model": "auth.permission",
  "pk": 54,
  "fields": {
    "name": "Can change pet personality",
    "content_type": 14,
    "codename": "change_petpersonality"
  }
},
{
  "model": "auth.permission",
  "pk": 55,
  "fields": {
    "name": "Can delete pet personality",
    "content_type": 14,
    "codename": "delete_petpersonality"
  }
},
{
  "model": "auth.permission",
  "pk": 56,
  "fields": {
    "name": "Can view pet personality",
    "content_type": 14,
    "codename": "view_petpersonality"
  }
},
{
  "model": "auth.permission",
  "pk": 57,
  "fields": {
    "name": "Can add adoption inquiry",
    "content_type": 15,
    "codename": "add_adoptioninquiry"
  }
},
{
  "model": "auth.permission",
  "pk": 58,
  "fields": {
    "name": "Can change adoption inquiry",
    "content_type": 15,
    "codename": "change_adoptioninquiry"
  }
},
{
  "model": "auth.permission",
  "pk": 59,
  "fields": {
    "name": "Can delete adoption inquiry",
    "content_type": 15,
    "codename": "delete_adoptioninquiry"
  }
},
{
  "model": "auth.permission",
  "pk": 60,
  "fields": {
    "name": "Can view adoption inquiry",
    "content_type": 15,
    "codename": "view_adoptioninquiry"
  }
},
{
  "model": "auth.permission",
  "pk": 61,
  "fields": {
    "name": "Can add rehoming listing",
    "content_type": 16,
    "codename": "add_rehominglisting"
  }
},
{
  "model": "auth.permission",
  "pk": 62,
  "fields": {
    "name": "Can change rehoming listing",
    "content_type": 16,
    "codename": "change_rehominglisting"
  }
},
{
  "model": "auth.permission",
  "pk": 63,
  "fields": {
    "name": "Can delete rehoming listing",
    "content_type": 16,
    "codename": "delete_rehominglisting"
  }
},
{
  "model": "auth.permission",
  "pk": 64,
  "fields": {
    "name": "Can view rehoming listing",
    "content_type": 16,
    "codename": "view_rehominglisting"
  }
},
{
  "model": "auth.permission",
  "pk": 65,
  "fields": {
    "name": "Can add rehoming request",
    "content_type": 17,
    "codename": "add_rehomingrequest"
  }
},
{
  "model": "auth.permission",
  "pk": 66,
  "fields": {
    "name": "Can change rehoming request",
    "content_type": 17,
    "codename": "change_rehomingrequest"
  }
},
{
  "model": "auth.permission",
  "pk": 67,
  "fields": {
    "name": "Can delete rehoming request",
    "content_type": 17,
    "codename": "delete_rehomingrequest"
  }
},
{
  "model": "auth.permission",
  "pk": 68,
  "fields": {
    "name": "Can view rehoming request",
    "content_type": 17,
    "codename": "view_rehomingrequest"
  }
},
{
  "model": "auth.permission",
  "pk": 69,
  "fields": {
    "name": "Can add notification",
    "content_type": 18,
    "codename": "add_notification"
  }
},
{
  "model": "auth.permission",
  "pk": 70,
  "fields": {
    "name": "Can change notification",
    "content_type": 18,
    "codename": "change_notification"
  }
},
{
  "model": "auth.permission",
  "pk": 71,
  "fields": {
    "name": "Can delete notification",
    "content_type": 18,
    "codename": "delete_notification"
  }
},
{
  "model": "auth.permission",
  "pk": 72,
  "fields": {
    "name": "Can view notification",
    "content_type": 18,
    "codename": "view_notification"
  }
},
{
  "model": "auth.permission",
  "pk": 73,
  "fields": {
    "name": "Can add platform analytics",
    "content_type": 19,
    "codename": "add_platformanalytics"
  }
},
{
  "model": "auth.permission",
  "pk": 74,
  "fields": {
    "name": "Can change platform analytics",
    "content_type": 19,
    "codename": "change_platformanalytics"
  }
},
{
  "model": "auth.permission",
  "pk": 75,
  "fields": {
    "name": "Can delete platform analytics",
    "content_type": 19,
    "codename": "delete_platformanalytics"
  }
},
{
  "model": "auth.permission",
  "pk": 76,
  "fields": {
    "name": "Can view platform analytics",
    "content_type": 19,
    "codename": "view_platformanalytics"
  }
},
{
  "model": "auth.permission",
  "pk": 77,
  "fields": {
    "name": "Can add Moderation Action",
    "content_type": 20,
    "codename": "add_moderationaction"
  }
},
{
  "model": "auth.permission",
  "pk": 78,
  "fields": {
    "name": "Can change Moderation Action",
    "content_type": 20,
    "codename": "change_moderationaction"
  }
},
{
  "model": "auth.permission",
  "pk": 79,
  "fields": {
    "name": "Can delete Moderation Action",
    "content_type": 20,
    "codename": "delete_moderationaction"
  }
},
{
  "model": "auth.permission",
  "pk": 80,
  "fields": {
    "name": "Can view Moderation Action",
    "content_type": 20,
    "codename": "view_moderationaction"
  }
},
{
  "model": "auth.permission",
  "pk": 81,
  "fields": {
    "name": "Can add User Report",
    "content_type": 21,
    "codename": "add_userreport"
  }
},
{
  "model": "auth.permission",
  "pk": 82,
  "fields": {
    "name": "Can change User Report",
    "content_type": 21,
    "codename": "change_userreport"
  }
},
{
  "model": "auth.permission",
  "pk": 83,
  "fields": {
    "name": "Can delete User Report",
    "content_type": 21,
    "codename": "delete_userreport"
  }
},
{
  "model": "auth.permission",
  "pk": 84,
  "fields": {
    "name": "Can view User Report",
    "content_type": 21,
    "codename": "view_userreport"
  }
},
{
  "model": "auth.permission",
  "pk": 85,
  "fields": {
    "name": "Can add Foster Service",
    "content_type": 22,
    "codename": "add_fosterservice"
  }
},
{
  "model": "auth.permission",
  "pk": 86,
  "fields": {
    "name": "Can change Foster Service",
    "content_type": 22,
    "codename": "change_fosterservice"
  }
},
{
  "model": "auth.permission",
  "pk": 87,
  "fields": {
    "name": "Can delete Foster Service",
    "content_type": 22,
    "codename": "delete_fosterservice"
  }
},
{
  "model": "auth.permission",
  "pk": 88,
  "fields": {
    "name": "Can view Foster Service",
    "content_type": 22,
    "codename": "view_fosterservice"
  }
},
{
  "model": "auth.permission",
  "pk": 89,
  "fields": {
    "name": "Can add service booking",
    "content_type": 23,
    "codename": "add_servicebooking"
  }
},
{
  "model": "auth.permission",
  "pk": 90,
  "fields": {
    "name": "Can change service booking",
    "content_type": 23,
    "codename": "change_servicebooking"
  }
},
{
  "model": "auth.permission",
  "pk": 91,
  "fields": {
    "name": "Can delete service booking",
    "content_type": 23,
    "codename": "delete_servicebooking"
  }
},
{
  "model": "auth.permission",
  "pk": 92,
  "fields": {
    "name": "Can view service booking",
    "content_type": 23,
    "codename": "view_servicebooking"
  }
},
{
  "model": "auth.permission",
  "pk": 93,
  "fields": {
    "name": "Can add Service Provider",
    "content_type": 24,
    "codename": "add_serviceprovider"
  }
},
{
  "model": "auth.permission",
  "pk": 94,
  "fields": {
    "name": "Can change Service Provider",
    "content_type": 24,
    "codename": "change_serviceprovider"
  }
},
{
  "model": "auth.permission",
  "pk": 95,
  "fields": {
    "name": "Can delete Service Provider",
    "content_type": 24,
    "codename": "delete_serviceprovider"
  }
},
{
  "model": "auth.permission",
  "pk": 96,
  "fields": {
    "name": "Can view Service Provider",
    "content_type": 24,
    "codename": "view_serviceprovider"
  }
},
{
  "model": "auth.permission",
  "pk": 97,
  "fields": {
    "name": "Can add Service Review",
    "content_type": 25,
    "codename": "add_servicereview"
  }
},
{
  "model": "auth.permission",
  "pk": 98,
  "fields": {
    "name": "Can change Service Review",
    "content_type": 25,
    "codename": "change_servicereview"
  }
},
{
  "model": "auth.permission",
  "pk": 99,
  "fields": {
    "name": "Can delete Service Review",
    "content_type": 25,
    "codename": "delete_servicereview"
  }
},
{
  "model": "auth.permission",
  "pk": 100,
  "fields": {
    "name": "Can view Service Review",
    "content_type": 25,
    "codename": "view_servicereview"
  }
},
{
  "model": "auth.permission",
  "pk": 101,
  "fields": {
    "name": "Can add Trainer Service",
    "content_type": 26,
    "codename": "add_trainerservice"
  }
},
{
  "model": "auth.permission",
  "pk": 102,
  "fields": {
    "name": "Can change Trainer Service",
    "content_type": 26,
    "codename": "change_trainerservice"
  }
},
{
  "model": "auth.permission",
  "pk": 103,
  "fields": {
    "name": "Can delete Trainer Service",
    "content_type": 26,
    "codename": "delete_trainerservice"
  }
},
{
  "model": "auth.permission",
  "pk": 104,
  "fields": {
    "name": "Can view Trainer Service",
    "content_type": 26,
    "codename": "view_trainerservice"
  }
},
{
  "model": "auth.permission",
  "pk": 105,
  "fields": {
    "name": "Can add Veterinary Clinic",
    "content_type": 27,
    "codename": "add_veterinaryclinic"
  }
},
{
  "model": "auth.permission",
  "pk": 106,
  "fields": {
    "name": "Can change Veterinary Clinic",
    "content_type": 27,
    "codename": "change_veterinaryclinic"
  }
},
{
  "model": "auth.permission",
  "pk": 107,
  "fields": {
    "name": "Can delete Veterinary Clinic",
    "content_type": 27,
    "codename": "delete_veterinaryclinic"
  }
},
{
  "model": "auth.permission",
  "pk": 108,
  "fields": {
    "name": "Can view Veterinary Clinic",
    "content_type": 27,
    "codename": "view_veterinaryclinic"
  }
},
{
  "model": "auth.permission",
  "pk": 109,
  "fields": {
    "name": "Can add business hours",
    "content_type": 28,
    "codename": "add_businesshours"
  }
},
{
  "model": "auth.permission",
  "pk": 110,
  "fields": {
    "name": "Can change business hours",
    "content_type": 28,
    "codename": "change_businesshours"
  }
},
{
  "model": "auth.permission",
  "pk": 111,
  "fields": {
    "name": "Can delete business hours",
    "content_type": 28,
    "codename": "delete_businesshours"
  }
},
{
  "model": "auth.permission",
  "pk": 112,
  "fields": {
    "name": "Can view business hours",
    "content_type": 28,
    "codename": "view_businesshours"
  }
},
{
  "model": "auth.permission",
  "pk": 113,
  "fields": {
    "name": "Can add Service Category",
    "content_type": 29,
    "codename": "add_servicecategory"
  }
},
{
  "model": "auth.permission",
  "pk": 114,
  "fields": {
    "name": "Can change Service Category",
    "content_type": 29,
    "codename": "change_servicecategory"
  }
},
{
  "model": "auth.permission",
  "pk": 115,
  "fields": {
    "name": "Can delete Service Category",
    "content_type": 29,
    "codename": "delete_servicecategory"
  }
},
{
  "model": "auth.permission",
  "pk": 116,
  "fields": {
    "name": "Can view Service Category",
    "content_type": 29,
    "codename": "view_servicecategory"
  }
},
{
  "model": "auth.permission",
  "pk": 117,
  "fields": {
    "name": "Can add Service Media",
    "content_type": 30,
    "codename": "add_servicemedia"
  }
},
{
  "model": "auth.permission",
  "pk": 118,
  "fields": {
    "name": "Can change Service Media",
    "content_type": 30,
    "codename": "change_servicemedia"
  }
},
{
  "model": "auth.permission",
  "pk": 119,
  "fields": {
    "name": "Can delete Service Media",
    "content_type": 30,
    "codename": "delete_servicemedia"
  }
},
{
  "model": "auth.permission",
  "pk": 120,
  "fields": {
    "name": "Can view Service Media",
    "content_type": 30,
    "codename": "view_servicemedia"
  }
},
{
  "model": "auth.permission",
  "pk": 121,
  "fields": {
    "name": "Can add service option",
    "content_type": 31,
    "codename": "add_serviceoption"
  }
},
{
  "model": "auth.permission",
  "pk": 122,
  "fields": {
    "name": "Can change service option",
    "content_type": 31,
    "codename": "change_serviceoption"
  }
},
{
  "model": "auth.permission",
  "pk": 123,
  "fields": {
    "name": "Can delete service option",
    "content_type": 31,
    "codename": "delete_serviceoption"
  }
},
{
  "model": "auth.permission",
  "pk": 124,
  "fields": {
    "name": "Can view service option",
    "content_type": 31,
    "codename": "view_serviceoption"
  }
},
{
  "model": "auth.permission",
  "pk": 125,
  "fields": {
    "name": "Can add specialization",
    "content_type": 32,
    "codename": "add_specialization"
  }
},
{
  "model": "auth.permission",
  "pk": 126,
  "fields": {
    "name": "Can change specialization",
    "content_type": 32,
    "codename": "change_specialization"
  }
},
{
  "model": "auth.permission",
  "pk": 127,
  "fields": {
    "name": "Can delete specialization",
    "content_type": 32,
    "codename": "delete_specialization"
  }
},
{
  "model": "auth.permission",
  "pk": 128,
  "fields": {
    "name": "Can view specialization",
    "content_type": 32,
    "codename": "view_specialization"
  }
},
{
  "model": "auth.permission",
  "pk": 129,
  "fields": {
    "name": "Can add species",
    "content_type": 33,
    "codename": "add_species"
  }
},
{
  "model": "auth.permission",
  "pk": 130,
  "fields": {
    "name": "Can change species",
    "content_type": 33,
    "codename": "change_species"
  }
},
{
  "model": "auth.permission",
  "pk": 131,
  "fields": {
    "name": "Can delete species",
    "content_type": 33,
    "codename": "delete_species"
  }
},
{
  "model": "auth.permission",
  "pk": 132,
  "fields": {
    "name": "Can view species",
    "content_type": 33,
    "codename": "view_species"
  }
},
{
  "model": "auth.permission",
  "pk": 133,
  "fields": {
    "name": "Can add Groomer Service",
    "content_type": 34,
    "codename": "add_groomerservice"
  }
},
{
  "model": "auth.permission",
  "pk": 134,
  "fields": {
    "name": "Can change Groomer Service",
    "content_type": 34,
    "codename": "change_groomerservice"
  }
},
{
  "model": "auth.permission",
  "pk": 135,
  "fields": {
    "name": "Can delete Groomer Service",
    "content_type": 34,
    "codename": "delete_groomerservice"
  }
},
{
  "model": "auth.permission",
  "pk": 136,
  "fields": {
    "name": "Can view Groomer Service",
    "content_type": 34,
    "codename": "view_groomerservice"
  }
},
{
  "model": "auth.permission",
  "pk": 137,
  "fields": {
    "name": "Can add Pet Sitter Service",
    "content_type": 35,
    "codename": "add_petsitterservice"
  }
},
{
  "model": "auth.permission",
  "pk": 138,
  "fields": {
    "name": "Can change Pet Sitter Service",
    "content_type": 35,
    "codename": "change_petsitterservice"
  }
},
{
  "model": "auth.permission",
  "pk": 139,
  "fields": {
    "name": "Can delete Pet Sitter Service",
    "content_type": 35,
    "codename": "delete_petsitterservice"
  }
},
{
  "model": "auth.permission",
  "pk": 140,
  "fields": {
    "name": "Can view Pet Sitter Service",
    "content_type": 35,
    "codename": "view_petsitterservice"
  }
},
{
  "model": "auth.permission",
  "pk": 141,
  "fields": {
    "name": "Can add Availability Block",
    "content_type": 36,
    "codename": "add_provideravailabilityblock"
  }
},
{
  "model": "auth.permission",
  "pk": 142,
  "fields": {
    "name": "Can change Availability Block",
    "content_type": 36,
    "codename": "change_provideravailabilityblock"
  }
},
{
  "model": "auth.permission",
  "pk": 143,
  "fields": {
    "name": "Can delete Availability Block",
    "content_type": 36,
    "codename": "delete_provideravailabilityblock"
  }
},
{
  "model": "auth.permission",
  "pk": 144,
  "fields": {
    "name": "Can view Availability Block",
    "content_type": 36,
    "codename": "view_provideravailabilityblock"
  }
},
{
  "model": "auth.permission",
  "pk": 145,
  "fields": {
    "name": "Can add Scheduled task",
    "content_type": 37,
    "codename": "add_schedule"
  }
},
{
  "model": "auth.permission",
  "pk": 146,
  "fields": {
    "name": "Can change Scheduled task",
    "content_type": 37,
    "codename": "change_schedule"
  }
},
{
  "model": "auth.permission",
  "pk": 147,
  "fields": {
    "name": "Can delete Scheduled task",
    "content_type": 37,
    "codename": "delete_schedule"
  }
},
{
  "model": "auth.permission",
  "pk": 148,
  "fields": {
    "name": "Can view Scheduled task",
    "content_type": 37,
    "codename": "view_schedule"
  }
},
{
  "model": "auth.permission",
  "pk": 149,
  "fields": {
    "name": "Can add task",
    "content_type": 38,
    "codename": "add_task"
  }
},
{
  "model": "auth.permission",
  "pk": 150,
  "fields": {
    "name": "Can change task",
    "content_type": 38,
    "codename": "change_task"
  }
},
{
  "model": "auth.permission",
  "pk": 151,
  "fields": {
    "name": "Can delete task",
    "content_type": 38,
    "codename": "delete_task"
  }
},
{
  "model": "auth.permission",
  "pk": 152,
  "fields": {
    "name": "Can view task",
    "content_type": 38,
    "codename": "view_task"
  }
},
{
  "model": "auth.permission",
  "pk": 153,
  "fields": {
    "name": "Can add Failed task",
    "content_type": 39,
    "codename": "add_failure"
  }
},
{
  "model": "auth.permission",
  "pk": 154,
  "fields": {
    "name": "Can change Failed task",
    "content_type": 39,
    "codename": "change_failure"
  }
},
{
  "model": "auth.permission",
  "pk": 155,
  "fields": {
    "name": "Can delete Failed task",
    "content_type": 39,
    "codename": "delete_failure"
  }
},
{
  "model": "auth.permission",
  "pk": 156,
  "fields": {
    "name": "Can view Failed task",
    "content_type": 39,
    "codename": "view_failure"
  }
},
{
  "model": "auth.permission",
  "pk": 157,
  "fields": {
    "name": "Can add Successful task",
    "content_type": 40,
    "codename": "add_success"
  }
},
{
  "model": "auth.permission",
  "pk": 158,
  "fields": {
    "name": "Can change Successful task",
    "content_type": 40,
    "codename": "change_success"
  }
},
{
  "model": "auth.permission",
  "pk": 159,
  "fields": {
    "name": "Can delete Successful task",
    "content_type": 40,
    "codename": "delete_success"
  }
},
{
  "model": "auth.permission",
  "pk": 160,
  "fields": {
    "name": "Can view Successful task",
    "content_type": 40,
    "codename": "view_success"
  }
},
{
  "model": "auth.permission",
  "pk": 161,
  "fields": {
    "name": "Can add Queued task",
    "content_type": 41,
    "codename": "add_ormq"
  }
},
{
  "model": "auth.permission",
  "pk": 162,
  "fields": {
    "name": "Can change Queued task",
    "content_type": 41,
    "codename": "change_ormq"
  }
},
{
  "model": "auth.permission",
  "pk": 163,
  "fields": {
    "name": "Can delete Queued task",
    "content_type": 41,
    "codename": "delete_ormq"
  }
},
{
  "model": "auth.permission",
  "pk": 164,
  "fields": {
    "name": "Can view Queued task",
    "content_type": 41,
    "codename": "view_ormq"
  }
},
{
  "model": "contenttypes.contenttype",
  "pk": 1,
  "fields": {
    "app_label": "admin",
    "model": "logentry"
  }
},
{
  "model": "contenttypes.contenttype",
  "pk": 2,
  "fields": {
    "app_label": "auth",
    "model": "permission"
  }
},
{
  "model": "contenttypes.contenttype",
  "pk": 3,
  "fields": {
    "app_label": "auth",
    "model": "group"
  }
},
{
  "model": "contenttypes.contenttype",
  "pk": 4,
  "fields": {
    "app_label": "contenttypes",
    "model": "contenttype"
  }
},
{
  "model": "contenttypes.contenttype",
  "pk": 5,
  "fields": {
    "app_label": "sessions",
    "model": "session"
  }
},
{
  "model": "contenttypes.contenttype",
  "pk": 6,
  "fields": {
    "app_label": "token_blacklist",
    "model": "blacklistedtoken"
  }
},
{
  "model": "contenttypes.contenttype",
  "pk": 7,
  "fields": {
    "app_label": "token_blacklist",
    "model": "outstandingtoken"
  }
},
{
  "model": "contenttypes.contenttype",
  "pk": 8,
  "fields": {
    "app_label": "users",
    "model": "user"
  }
},
{
  "model": "contenttypes.contenttype",
  "pk": 9,
  "fields": {
    "app_label": "users",
    "model": "rolerequest"
  }
},
{
  "model": "contenttypes.contenttype",
  "pk": 10,
  "fields": {
    "app_label": "users",
    "model": "usertrustreview"
  }
},
{
  "model": "contenttypes.contenttype",
  "pk": 11,
  "fields": {
    "app_label": "pets",
    "model": "personalitytrait"
  }
},
{
  "model": "contenttypes.contenttype",
  "pk": 12,
  "fields": {
    "app_label": "pets",
    "model": "petmedia"
  }
},
{
  "model": "contenttypes.contenttype",
  "pk": 13,
  "fields": {
    "app_label": "pets",
    "model": "petprofile"
  }
},
{
  "model": "contenttypes.contenttype",
  "pk": 14,
  "fields": {
    "app_label": "pets",
    "model": "petpersonality"
  }
},
{
  "model": "contenttypes.contenttype",
  "pk": 15,
  "fields": {
    "app_label": "rehoming",
    "model": "adoptioninquiry"
  }
},
{
  "model": "contenttypes.contenttype",
  "pk": 16,
  "fields": {
    "app_label": "rehoming",
    "model": "rehominglisting"
  }
},
{
  "model": "contenttypes.contenttype",
  "pk": 17,
  "fields": {
    "app_label": "rehoming",
    "model": "rehomingrequest"
  }
},
{
  "model": "contenttypes.contenttype",
  "pk": 18,
  "fields": {
    "app_label": "notifications",
    "model": "notification"
  }
},
{
  "model": "contenttypes.contenttype",
  "pk": 19,
  "fields": {
    "app_label": "analytics",
    "model": "platformanalytics"
  }
},
{
  "model": "contenttypes.contenttype",
  "pk": 20,
  "fields": {
    "app_label": "admin_panel",
    "model": "moderationaction"
  }
},
{
  "model": "contenttypes.contenttype",
  "pk": 21,
  "fields": {
    "app_label": "admin_panel",
    "model": "userreport"
  }
},
{
  "model": "contenttypes.contenttype",
  "pk": 22,
  "fields": {
    "app_label": "services",
    "model": "fosterservice"
  }
},
{
  "model": "contenttypes.contenttype",
  "pk": 23,
  "fields": {
    "app_label": "services",
    "model": "servicebooking"
  }
},
{
  "model": "contenttypes.contenttype",
  "pk": 24,
  "fields": {
    "app_label": "services",
    "model": "serviceprovider"
  }
},
{
  "model": "contenttypes.contenttype",
  "pk": 25,
  "fields": {
    "app_label": "services",
    "model": "servicereview"
  }
},
{
  "model": "contenttypes.contenttype",
  "pk": 26,
  "fields": {
    "app_label": "services",
    "model": "trainerservice"
  }
},
{
  "model": "contenttypes.contenttype",
  "pk": 27,
  "fields": {
    "app_label": "services",
    "model": "veterinaryclinic"
  }
},
{
  "model": "contenttypes.contenttype",
  "pk": 28,
  "fields": {
    "app_label": "services",
    "model": "businesshours"
  }
},
{
  "model": "contenttypes.contenttype",
  "pk": 29,
  "fields": {
    "app_label": "services",
    "model": "servicecategory"
  }
},
{
  "model": "contenttypes.contenttype",
  "pk": 30,
  "fields": {
    "app_label": "services",
    "model": "servicemedia"
  }
},
{
  "model": "contenttypes.contenttype",
  "pk": 31,
  "fields": {
    "app_label": "services",
    "model": "serviceoption"
  }
},
{
  "model": "contenttypes.contenttype",
  "pk": 32,
  "fields": {
    "app_label": "services",
    "model": "specialization"
  }
},
{
  "model": "contenttypes.contenttype",
  "pk": 33,
  "fields": {
    "app_label": "services",
    "model": "species"
  }
},
{
  "model": "contenttypes.contenttype",
  "pk": 34,
  "fields": {
    "app_label": "services",
    "model": "groomerservice"
  }
},
{
  "model": "contenttypes.contenttype",
  "pk": 35,
  "fields": {
    "app_label": "services",
    "model": "petsitterservice"
  }
},
{
  "model": "contenttypes.contenttype",
  "pk": 36,
  "fields": {
    "app_label": "services",
    "model": "provideravailabilityblock"
  }
},
{
  "model": "contenttypes.contenttype",
  "pk": 37,
  "fields": {
    "app_label": "django_q",
    "model": "schedule"
  }
},
{
  "model": "contenttypes.contenttype",
  "pk": 38,
  "fields": {
    "app_label": "django_q",
    "model": "task"
  }
},
{
  "model": "contenttypes.contenttype",
  "pk": 39,
  "fields": {
    "app_label": "django_q",
    "model": "failure"
  }
},
{
  "model": "contenttypes.contenttype",
  "pk": 40,
  "fields": {
    "app_label": "django_q",
    "model": "success"
  }
},
{
  "model": "contenttypes.contenttype",
  "pk": 41,
  "fields": {
    "app_label": "django_q",
    "model": "ormq"
  }
},
{
  "model": "sessions.session",
  "pk": "3vlic0qrbduembdxkv2scabd2xrktbyq",
  "fields": {
    "session_data": ".eJxVjDsOwjAQBe_iGlm2N-sPJT1nsDbrDQ6gRIqTCnF3iJQC2jcz76UybWvNW5Mlj0WdlVWn360nfsi0g3Kn6TZrnqd1GXu9K_qgTV_nIs_L4f4dVGr1W6dUouUQB0RvvVBIwMlgBAsIyJ1BhAgBRNgEY5k6EjMIOu-sK86r9wewZDaG:1vohwT:_Cdc8CHzkWaTuSLOgRqF_I07sai8RTXsewjAeaPB7eI",
    "expire_date": "2026-02-21T13:01:41.009Z"
  }
},
{
  "model": "sessions.session",
  "pk": "jvdbtycetn4muemafx1i4nfzj87e4wep",
  "fields": {
    "session_data": ".eJxVjDsOwjAQBe_iGlm2N-sPJT1nsDbrDQ6gRIqTCnF3iJQC2jcz76UybWvNW5Mlj0WdlVWn360nfsi0g3Kn6TZrnqd1GXu9K_qgTV_nIs_L4f4dVGr1W6dUouUQB0RvvVBIwMlgBAsIyJ1BhAgBRNgEY5k6EjMIOu-sK86r9wewZDaG:1vo3LU:fFRdXQUSco5XTSfpk_wflsOiIFuYXH7AwJm_J4UXmMg",
    "expire_date": "2026-02-19T17:40:48.468Z"
  }
},
{
  "model": "token_blacklist.outstandingtoken",
  "pk": 1,
  "fields": {
    "user": null,
    "jti": "3a6ae13427514f93855f5cca1f19beb0",
    "token": "eyJhbGciOiJIUzI1NiIsInR5cCI6IkpXVCJ9.eyJ0b2tlbl90eXBlIjoicmVmcmVzaCIsImV4cCI6MTc3MDkyNDExNiwiaWF0IjoxNzcwMzE5MzE2LCJqdGkiOiIzYTZhZTEzNDI3NTE0ZjkzODU1ZjVjY2ExZjE5YmViMCIsInVzZXJfaWQiOiIzIn0.QAvOu47bF9RtZEnbNN5R-w9JHn0RBbpOXvcN1YUYh0g",
    "created_at": "2026-02-05T19:21:56.105Z",
    "expires_at": "2026-02-12T19:21:56Z"
  }
},
{
  "model": "token_blacklist.outstandingtoken",
  "pk": 2,
  "fields": {
    "user": null,
    "jti": "b19c2ef324bd45bb8f5a93f4715a3b4b",
    "token": "eyJhbGciOiJIUzI1NiIsInR5cCI6IkpXVCJ9.eyJ0b2tlbl90eXBlIjoicmVmcmVzaCIsImV4cCI6MTc3MTA3NTAwMywiaWF0IjoxNzcwNDcwMjAzLCJqdGkiOiJiMTljMmVmMzI0YmQ0NWJiOGY1YTkzZjQ3MTVhM2I0YiIsInVzZXJfaWQiOiI0In0.vcbRrfO4pv_AYo1_JRWClmKKSgnsAfUNA7ok41s2PKo",
    "created_at": "2026-02-07T13:16:43.072Z",
    "expires_at": "2026-02-14T13:16:43Z"
  }
},
{
  "model": "token_blacklist.outstandingtoken",
  "pk": 3,
  "fields": {
    "user": null,
    "jti": "1b34eb754af24b86906ca0659650e406",
    "token": "eyJhbGciOiJIUzI1NiIsInR5cCI6IkpXVCJ9.eyJ0b2tlbl90eXBlIjoicmVmcmVzaCIsImV4cCI6MTc3MTA3ODE4NSwiaWF0IjoxNzcwNDczMzg1LCJqdGkiOiIxYjM0ZWI3NTRhZjI0Yjg2OTA2Y2EwNjU5NjUwZTQwNiIsInVzZXJfaWQiOiI3In0.lrHfoNjtZBaxHQdfL9CsEl0YYD8rXtkjZa4geDXeUpE",
    "created_at": "2026-02-07T14:09:45.016Z",
    "expires_at": "2026-02-14T14:09:45Z"
  }
},
{
  "model": "token_blacklist.outstandingtoken",
  "pk": 4,
  "fields": {
    "user": null,
    "jti": "37ab436c23684430a2f847eec41b6700",
    "token": "eyJhbGciOiJIUzI1NiIsInR5cCI6IkpXVCJ9.eyJ0b2tlbl90eXBlIjoicmVmcmVzaCIsImV4cCI6MTc3MTA4MzY2MywiaWF0IjoxNzcwNDc4ODYzLCJqdGkiOiIzN2FiNDM2YzIzNjg0NDMwYTJmODQ3ZWVjNDFiNjcwMCIsInVzZXJfaWQiOjh9.vJiP2EXDWmAKJPHULb4GcpBmKleSd0PpbW4uQxWuwjY",
    "created_at": "2026-02-07T15:41:03.100Z",
    "expires_at": "2026-02-14T15:41:03Z"
  }
},
{
  "model": "token_blacklist.outstandingtoken",
  "pk": 5,
  "fields": {
    "user": null,
    "jti": "4ceb5d2d8bf7493eab0f504692bbbe57",
    "token": "eyJhbGciOiJIUzI1NiIsInR5cCI6IkpXVCJ9.eyJ0b2tlbl90eXBlIjoicmVmcmVzaCIsImV4cCI6MTc3MTA4NDM1OSwiaWF0IjoxNzcwNDc5NTU5LCJqdGkiOiI0Y2ViNWQyZDhiZjc0OTNlYWIwZjUwNDY5MmJiYmU1NyIsInVzZXJfaWQiOjl9.fzSQZj2x9Sis0rn1FDReEBvqXKbHfGwuEuzbbYiV1aU",
    "created_at": "2026-02-07T15:52:39.638Z",
    "expires_at": "2026-02-14T15:52:39Z"
  }
},
{
  "model": "token_blacklist.outstandingtoken",
  "pk": 6,
  "fields": {
    "user": null,
    "jti": "7c86d3fea79242e3babfb339fc1c1f57",
    "token": "eyJhbGciOiJIUzI1NiIsInR5cCI6IkpXVCJ9.eyJ0b2tlbl90eXBlIjoicmVmcmVzaCIsImV4cCI6MTc3MTA4NTIxMCwiaWF0IjoxNzcwNDgwNDEwLCJqdGkiOiI3Yzg2ZDNmZWE3OTI0MmUzYmFiZmIzMzlmYzFjMWY1NyIsInVzZXJfaWQiOjEwfQ.C0CzskFUjrUr4bcXx30cY-DozBq-sWZVezuap15Id2s",
    "created_at": "2026-02-07T16:06:50.757Z",
    "expires_at": "2026-02-14T16:06:50Z"
  }
},
{
  "model": "token_blacklist.outstandingtoken",
  "pk": 7,
  "fields": {
    "user": null,
    "jti": "9b0505534b104794acd8b65f82e09edc",
    "token": "eyJhbGciOiJIUzI1NiIsInR5cCI6IkpXVCJ9.eyJ0b2tlbl90eXBlIjoicmVmcmVzaCIsImV4cCI6MTc3MTA4NjkyOSwiaWF0IjoxNzcwNDgyMTI5LCJqdGkiOiI5YjA1MDU1MzRiMTA0Nzk0YWNkOGI2NWY4MmUwOWVkYyIsInVzZXJfaWQiOjExfQ.PwOtYjnyyowvHIK0Lom62dMpaScULaHxm-0PbiT7HnA",
    "created_at": "2026-02-07T16:35:29.546Z",
    "expires_at": "2026-02-14T16:35:29Z"
  }
},
{
  "model": "token_blacklist.outstandingtoken",
  "pk": 8,
  "fields": {
    "user": 12,
    "jti": "719994460f754f6aafd17816b1572f08",
    "token": "eyJhbGciOiJIUzI1NiIsInR5cCI6IkpXVCJ9.eyJ0b2tlbl90eXBlIjoicmVmcmVzaCIsImV4cCI6MTc3MTA4NzIxNSwiaWF0IjoxNzcwNDgyNDE1LCJqdGkiOiI3MTk5OTQ0NjBmNzU0ZjZhYWZkMTc4MTZiMTU3MmYwOCIsInVzZXJfaWQiOjEyfQ.CNupXIsbpoYIbL39v-B_n1ydWzugauTcF-J5zz6CBaQ",
    "created_at": "2026-02-07T16:40:15.931Z",
    "expires_at": "2026-02-14T16:40:15Z"
  }
},
{
  "model": "token_blacklist.outstandingtoken",
  "pk": 9,
  "fields": {
    "user": 12,
    "jti": "ecb6eaadd2ac4fc0882e335b4dae19cb",
    "token": "eyJhbGciOiJIUzI1NiIsInR5cCI6IkpXVCJ9.eyJ0b2tlbl90eXBlIjoicmVmcmVzaCIsImV4cCI6MTc3MTA4NzI0OCwiaWF0IjoxNzcwNDgyNDQ4LCJqdGkiOiJlY2I2ZWFhZGQyYWM0ZmMwODgyZTMzNWI0ZGFlMTljYiIsInVzZXJfaWQiOiIxMiJ9.l_PMAKlZ4eTN3eY6ECJODaIh6c_QGsn3pbaNfjPXoMk",
    "created_at": "2026-02-07T16:40:48.449Z",
    "expires_at": "2026-02-14T16:40:48Z"
  }
},
{
  "model": "token_blacklist.outstandingtoken",
  "pk": 10,
  "fields": {
    "user": 13,
    "jti": "4c135ca63a314471b782dd4bcda55115",
    "token": "eyJhbGciOiJIUzI1NiIsInR5cCI6IkpXVCJ9.eyJ0b2tlbl90eXBlIjoicmVmcmVzaCIsImV4cCI6MTc3MTA4ODAyNiwiaWF0IjoxNzcwNDgzMjI2LCJqdGkiOiI0YzEzNWNhNjNhMzE0NDcxYjc4MmRkNGJjZGE1NTExNSIsInVzZXJfaWQiOjEzfQ._cVWfFwNMwnMBzeq2ogH4Qg8dYHnA8srSiS0T7mWdUM",
    "created_at": "2026-02-07T16:53:46.869Z",
    "expires_at": "2026-02-14T16:53:46Z"
  }
},
{
  "model": "token_blacklist.outstandingtoken",
  "pk": 11,
  "fields": {
    "user": 14,
    "jti": "08e4a64510814a70a4766df1c44e905d",
    "token": "eyJhbGciOiJIUzI1NiIsInR5cCI6IkpXVCJ9.eyJ0b2tlbl90eXBlIjoicmVmcmVzaCIsImV4cCI6MTc3MTA4ODEzOSwiaWF0IjoxNzcwNDgzMzM5LCJqdGkiOiIwOGU0YTY0NTEwODE0YTcwYTQ3NjZkZjFjNDRlOTA1ZCIsInVzZXJfaWQiOjE0fQ.bE8tC9yTEp06koX9bEwjtzooXJd3-SVSI6iT-Y-Y3Xc",
    "created_at": "2026-02-07T16:55:39.846Z",
    "expires_at": "2026-02-14T16:55:39Z"
  }
},
{
  "model": "token_blacklist.outstandingtoken",
  "pk": 12,
  "fields": {
    "user": 14,
    "jti": "be75f87815584d8eb71b2d64b293c4ce",
    "token": "eyJhbGciOiJIUzI1NiIsInR5cCI6IkpXVCJ9.eyJ0b2tlbl90eXBlIjoicmVmcmVzaCIsImV4cCI6MTc3MTA4ODE2NCwiaWF0IjoxNzcwNDgzMzY0LCJqdGkiOiJiZTc1Zjg3ODE1NTg0ZDhlYjcxYjJkNjRiMjkzYzRjZSIsInVzZXJfaWQiOiIxNCJ9.5mtbtjBn8zQNG2UktfBVObMXS9Fw5yR2d1vZfdt80BU",
    "created_at": "2026-02-07T16:56:04.656Z",
    "expires_at": "2026-02-14T16:56:04Z"
  }
},
{
  "model": "token_blacklist.outstandingtoken",
  "pk": 13,
  "fields": {
    "user": 12,
    "jti": "3b3baa2934664b268b129fd9553ad4c2",
    "token": "eyJhbGciOiJIUzI1NiIsInR5cCI6IkpXVCJ9.eyJ0b2tlbl90eXBlIjoicmVmcmVzaCIsImV4cCI6MTc3MTA4ODg2NiwiaWF0IjoxNzcwNDg0MDY2LCJqdGkiOiIzYjNiYWEyOTM0NjY0YjI2OGIxMjlmZDk1NTNhZDRjMiIsInVzZXJfaWQiOjEyfQ.rNTyMtp_6FbZpXzpga_Z5NuosMdLJhtOATJRqQKzZ5A",
    "created_at": "2026-02-07T17:07:46.837Z",
    "expires_at": "2026-02-14T17:07:46Z"
  }
},
{
  "model": "token_blacklist.outstandingtoken",
  "pk": 14,
  "fields": {
    "user": 14,
    "jti": "1cbf6c21b4f84c18b018e7690fd091d3",
    "token": "eyJhbGciOiJIUzI1NiIsInR5cCI6IkpXVCJ9.eyJ0b2tlbl90eXBlIjoicmVmcmVzaCIsImV4cCI6MTc3MTA5MjY3NSwiaWF0IjoxNzcwNDg3ODc1LCJqdGkiOiIxY2JmNmMyMWI0Zjg0YzE4YjAxOGU3NjkwZmQwOTFkMyIsInVzZXJfaWQiOjE0fQ.8f9TBUVWUJ1jA-uzCruVGwGTAbCE0IcflP9N8ODgGV8",
    "created_at": "2026-02-07T18:11:15.312Z",
    "expires_at": "2026-02-14T18:11:15Z"
  }
},
{
  "model": "token_blacklist.outstandingtoken",
  "pk": 15,
  "fields": {
    "user": 15,
    "jti": "2481242a5ae04aebb32fda3d389a4033",
    "token": "eyJhbGciOiJIUzI1NiIsInR5cCI6IkpXVCJ9.eyJ0b2tlbl90eXBlIjoicmVmcmVzaCIsImV4cCI6MTc3MTA5NjkyMSwiaWF0IjoxNzcwNDkyMTIxLCJqdGkiOiIyNDgxMjQyYTVhZTA0YWViYjMyZmRhM2QzODlhNDAzMyIsInVzZXJfaWQiOjE1fQ.SXDCpt3lC2JVr2B-qX6guM9jLM3e6k4tAhwQMR1SgCU",
    "created_at": "2026-02-07T19:22:01.999Z",
    "expires_at": "2026-02-14T19:22:01Z"
  }
},
{
  "model": "token_blacklist.outstandingtoken",
  "pk": 16,
  "fields": {
    "user": 12,
    "jti": "e03ad310994a4bbda900821b58cd8db8",
    "token": "eyJhbGciOiJIUzI1NiIsInR5cCI6IkpXVCJ9.eyJ0b2tlbl90eXBlIjoicmVmcmVzaCIsImV4cCI6MTc3MTA5NzY3OSwiaWF0IjoxNzcwNDkyODc5LCJqdGkiOiJlMDNhZDMxMDk5NGE0YmJkYTkwMDgyMWI1OGNkOGRiOCIsInVzZXJfaWQiOjEyfQ.gsbstbviLdb9BgQOmnFLeZSnPJTLOOzf6x4eX78aH7g",
    "created_at": "2026-02-07T19:34:39.111Z",
    "expires_at": "2026-02-14T19:34:39Z"
  }
},
{
  "model": "token_blacklist.outstandingtoken",
  "pk": 17,
  "fields": {
    "user": 12,
    "jti": "0ec913df2c41458a81dc20549d47c026",
    "token": "eyJhbGciOiJIUzI1NiIsInR5cCI6IkpXVCJ9.eyJ0b2tlbl90eXBlIjoicmVmcmVzaCIsImV4cCI6MTc3MTA5NzczMCwiaWF0IjoxNzcwNDkyOTMwLCJqdGkiOiIwZWM5MTNkZjJjNDE0NThhODFkYzIwNTQ5ZDQ3YzAyNiIsInVzZXJfaWQiOjEyfQ.8xqMfUBGeGd3pfuWmfV85OvTmMTXfM1RL9tpSKkupg8",
    "created_at": "2026-02-07T19:35:30.874Z",
    "expires_at": "2026-02-14T19:35:30Z"
  }
},
{
  "model": "token_blacklist.outstandingtoken",
  "pk": 18,
  "fields": {
    "user": 16,
    "jti": "7327749b071643c4bc9d6c5c5967f4c5",
    "token": "eyJhbGciOiJIUzI1NiIsInR5cCI6IkpXVCJ9.eyJ0b2tlbl90eXBlIjoicmVmcmVzaCIsImV4cCI6MTc3MTEwMDc4NCwiaWF0IjoxNzcwNDk1OTg0LCJqdGkiOiI3MzI3NzQ5YjA3MTY0M2M0YmM5ZDZjNWM1OTY3ZjRjNSIsInVzZXJfaWQiOjE2fQ.4iNn2hnvnsSl7EGsxqO4L638D8BFa_bLSw9XzY9MSSc",
    "created_at": "2026-02-07T20:26:24.196Z",
    "expires_at": "2026-02-14T20:26:24Z"
  }
},
{
  "model": "token_blacklist.outstandingtoken",
  "pk": 19,
  "fields": {
    "user": 12,
    "jti": "bd87821fc6b74f8a974fc8b84779d17c",
    "token": "eyJhbGciOiJIUzI1NiIsInR5cCI6IkpXVCJ9.eyJ0b2tlbl90eXBlIjoicmVmcmVzaCIsImV4cCI6MTc3MTEwNDM3MywiaWF0IjoxNzcwNDk5NTczLCJqdGkiOiJiZDg3ODIxZmM2Yjc0ZjhhOTc0ZmM4Yjg0Nzc5ZDE3YyIsInVzZXJfaWQiOjEyfQ.Fywl4cOp01TQb35q4y9FDUwM9gIwOHjTIz5mgcogbGo",
    "created_at": "2026-02-07T21:26:13.872Z",
    "expires_at": "2026-02-14T21:26:13Z"
  }
},
{
  "model": "token_blacklist.outstandingtoken",
  "pk": 20,
  "fields": {
    "user": 14,
    "jti": "5ecb85f863584568938d02799a50f109",
    "token": "eyJhbGciOiJIUzI1NiIsInR5cCI6IkpXVCJ9.eyJ0b2tlbl90eXBlIjoicmVmcmVzaCIsImV4cCI6MTc3MTE3NjI5MSwiaWF0IjoxNzcwNTcxNDkxLCJqdGkiOiI1ZWNiODVmODYzNTg0NTY4OTM4ZDAyNzk5YTUwZjEwOSIsInVzZXJfaWQiOjE0fQ.DpZK3dxthKBIejmOQQscrXIiZMwSE9YBKiERaxqW87E",
    "created_at": "2026-02-08T17:24:51.441Z",
    "expires_at": "2026-02-15T17:24:51Z"
  }
},
{
  "model": "token_blacklist.outstandingtoken",
  "pk": 21,
  "fields": {
    "user": 14,
    "jti": "ab265abe352f4dbf8249009f906ec315",
    "token": "eyJhbGciOiJIUzI1NiIsInR5cCI6IkpXVCJ9.eyJ0b2tlbl90eXBlIjoicmVmcmVzaCIsImV4cCI6MTc3MTE3NzIxOCwiaWF0IjoxNzcwNTcyNDE4LCJqdGkiOiJhYjI2NWFiZTM1MmY0ZGJmODI0OTAwOWY5MDZlYzMxNSIsInVzZXJfaWQiOjE0fQ.VEMko4Eh3uwz1if-XhrGOQkkBt_k2aq_TZI1Xvdx0hc",
    "created_at": "2026-02-08T17:40:18.913Z",
    "expires_at": "2026-02-15T17:40:18Z"
  }
},
{
  "model": "token_blacklist.outstandingtoken",
  "pk": 22,
  "fields": {
    "user": 12,
    "jti": "03dd9b9160554db4ba22f0023cf849ab",
    "token": "eyJhbGciOiJIUzI1NiIsInR5cCI6IkpXVCJ9.eyJ0b2tlbl90eXBlIjoicmVmcmVzaCIsImV4cCI6MTc3MTE3ODA5MSwiaWF0IjoxNzcwNTczMjkxLCJqdGkiOiIwM2RkOWI5MTYwNTU0ZGI0YmEyMmYwMDIzY2Y4NDlhYiIsInVzZXJfaWQiOiIxMiJ9.cihz9EX_OMPn5I5XAAxtcYCH2_FskrqpzKYMHWOlCgE",
    "created_at": "2026-02-08T17:54:51.248Z",
    "expires_at": "2026-02-15T17:54:51Z"
  }
},
{
  "model": "token_blacklist.outstandingtoken",
  "pk": 23,
  "fields": {
    "user": 16,
    "jti": "b8431d5c086b46d5845fa459e7578741",
    "token": "eyJhbGciOiJIUzI1NiIsInR5cCI6IkpXVCJ9.eyJ0b2tlbl90eXBlIjoicmVmcmVzaCIsImV4cCI6MTc3MTE3OTQzOCwiaWF0IjoxNzcwNTc0NjM4LCJqdGkiOiJiODQzMWQ1YzA4NmI0NmQ1ODQ1ZmE0NTllNzU3ODc0MSIsInVzZXJfaWQiOiIxNiJ9.rCsV_8CUwX-Ii0sAdalRyKkomKQJHCxRf1_p5HQr804",
    "created_at": "2026-02-08T18:17:18.245Z",
    "expires_at": "2026-02-15T18:17:18Z"
  }
},
{
  "model": "token_blacklist.outstandingtoken",
  "pk": 24,
  "fields": {
    "user": 12,
    "jti": "30bc5e2b92584ee8be1e6435e9738785",
    "token": "eyJhbGciOiJIUzI1NiIsInR5cCI6IkpXVCJ9.eyJ0b2tlbl90eXBlIjoicmVmcmVzaCIsImV4cCI6MTc3MTE3OTcwMCwiaWF0IjoxNzcwNTc0OTAwLCJqdGkiOiIzMGJjNWUyYjkyNTg0ZWU4YmUxZTY0MzVlOTczODc4NSIsInVzZXJfaWQiOjEyfQ.vlrkjfzXgeb6MeNaByc2iTymJ4ybjm8k8UXg_UEd_uI",
    "created_at": "2026-02-08T18:21:40.187Z",
    "expires_at": "2026-02-15T18:21:40Z"
  }
},
{
  "model": "token_blacklist.outstandingtoken",
  "pk": 25,
  "fields": {
    "user": 16,
    "jti": "7d2452672dee4975b2ad43d7327ec37c",
    "token": "eyJhbGciOiJIUzI1NiIsInR5cCI6IkpXVCJ9.eyJ0b2tlbl90eXBlIjoicmVmcmVzaCIsImV4cCI6MTc3MTE3OTgwMywiaWF0IjoxNzcwNTc1MDAzLCJqdGkiOiI3ZDI0NTI2NzJkZWU0OTc1YjJhZDQzZDczMjdlYzM3YyIsInVzZXJfaWQiOjE2fQ.63ds2a-B46B37Rcg0DBeXXCIUUDBjWSVjWmTHMD6s2Y",
    "created_at": "2026-02-08T18:23:23.254Z",
    "expires_at": "2026-02-15T18:23:23Z"
  }
},
{
  "model": "token_blacklist.outstandingtoken",
  "pk": 26,
  "fields": {
    "user": 12,
    "jti": "f7f3f897c81642fab65913b017f8ea81",
    "token": "eyJhbGciOiJIUzI1NiIsInR5cCI6IkpXVCJ9.eyJ0b2tlbl90eXBlIjoicmVmcmVzaCIsImV4cCI6MTc3MTE4NzA0NiwiaWF0IjoxNzcwNTgyMjQ2LCJqdGkiOiJmN2YzZjg5N2M4MTY0MmZhYjY1OTEzYjAxN2Y4ZWE4MSIsInVzZXJfaWQiOjEyfQ.frXiJMHbUY4gOmHGFfdBLSS34w5iE_oZ0b2ZqHoeN3E",
    "created_at": "2026-02-08T20:24:06.223Z",
    "expires_at": "2026-02-15T20:24:06Z"
  }
},
{
  "model": "token_blacklist.outstandingtoken",
  "pk": 27,
  "fields": {
    "user": 12,
    "jti": "0668af3e374445f9a3b26c3d6ceaf9d2",
    "token": "eyJhbGciOiJIUzI1NiIsInR5cCI6IkpXVCJ9.eyJ0b2tlbl90eXBlIjoicmVmcmVzaCIsImV4cCI6MTc3MTE4ODc0MCwiaWF0IjoxNzcwNTgzOTQwLCJqdGkiOiIwNjY4YWYzZTM3NDQ0NWY5YTNiMjZjM2Q2Y2VhZjlkMiIsInVzZXJfaWQiOjEyfQ.4O36qs56qo5TCydAKqHIljAA3U_7YsqgDKUfQvs-Bh4",
    "created_at": "2026-02-08T20:52:20.535Z",
    "expires_at": "2026-02-15T20:52:20Z"
  }
},
{
  "model": "token_blacklist.outstandingtoken",
  "pk": 28,
  "fields": {
    "user": 12,
    "jti": "febd8f149ed14ee2bf808392195687d7",
    "token": "eyJhbGciOiJIUzI1NiIsInR5cCI6IkpXVCJ9.eyJ0b2tlbl90eXBlIjoicmVmcmVzaCIsImV4cCI6MTc3MTE4OTIyMywiaWF0IjoxNzcwNTg0NDIzLCJqdGkiOiJmZWJkOGYxNDllZDE0ZWUyYmY4MDgzOTIxOTU2ODdkNyIsInVzZXJfaWQiOiIxMiJ9.CpO7ion8XlhdW727UiDTFohDwnOlcZgbB5GtLq8j090",
    "created_at": "2026-02-08T21:00:23.166Z",
    "expires_at": "2026-02-15T21:00:23Z"
  }
},
{
  "model": "token_blacklist.outstandingtoken",
  "pk": 29,
  "fields": {
    "user": 12,
    "jti": "05458377c7d44589ae2cc67a69d105c2",
    "token": "eyJhbGciOiJIUzI1NiIsInR5cCI6IkpXVCJ9.eyJ0b2tlbl90eXBlIjoicmVmcmVzaCIsImV4cCI6MTc3MTI0NDY2MCwiaWF0IjoxNzcwNjM5ODYwLCJqdGkiOiIwNTQ1ODM3N2M3ZDQ0NTg5YWUyY2M2N2E2OWQxMDVjMiIsInVzZXJfaWQiOjEyfQ.W_KooZwz90Gb7Cx99gQBb_RPheu2l7MOy4m4WrT0puQ",
    "created_at": "2026-02-09T12:24:20.348Z",
    "expires_at": "2026-02-16T12:24:20Z"
  }
},
{
  "model": "token_blacklist.outstandingtoken",
  "pk": 30,
  "fields": {
    "user": 12,
    "jti": "53192cbd22d8409d87bd949f3ca2e0e0",
    "token": "eyJhbGciOiJIUzI1NiIsInR5cCI6IkpXVCJ9.eyJ0b2tlbl90eXBlIjoicmVmcmVzaCIsImV4cCI6MTc3MTI0NjYyMCwiaWF0IjoxNzcwNjQxODIwLCJqdGkiOiI1MzE5MmNiZDIyZDg0MDlkODdiZDk0OWYzY2EyZTBlMCIsInVzZXJfaWQiOiIxMiJ9.Dn1GkiXzxMCqwcAsZ4GFMi-2Ttkda1cGbYeN7stRZL4",
    "created_at": "2026-02-09T12:57:00.924Z",
    "expires_at": "2026-02-16T12:57:00Z"
  }
},
{
  "model": "token_blacklist.outstandingtoken",
  "pk": 31,
  "fields": {
    "user": 22,
    "jti": "74c7fbc972814eccb867b467398552fc",
    "token": "eyJhbGciOiJIUzI1NiIsInR5cCI6IkpXVCJ9.eyJ0b2tlbl90eXBlIjoicmVmcmVzaCIsImV4cCI6MTc3MTI2MDkzMiwiaWF0IjoxNzcwNjU2MTMyLCJqdGkiOiI3NGM3ZmJjOTcyODE0ZWNjYjg2N2I0NjczOTg1NTJmYyIsInVzZXJfaWQiOjIyfQ.9hfFcWcqlqle5F2QECPsWEPooDvBBnOX9lkZWePSGlE",
    "created_at": "2026-02-09T16:55:32.529Z",
    "expires_at": "2026-02-16T16:55:32Z"
  }
},
{
  "model": "token_blacklist.outstandingtoken",
  "pk": 32,
  "fields": {
    "user": 12,
    "jti": "ce01f7face2341858625146fe507718c",
    "token": "eyJhbGciOiJIUzI1NiIsInR5cCI6IkpXVCJ9.eyJ0b2tlbl90eXBlIjoicmVmcmVzaCIsImV4cCI6MTc3MTI2MTE2MywiaWF0IjoxNzcwNjU2MzYzLCJqdGkiOiJjZTAxZjdmYWNlMjM0MTg1ODYyNTE0NmZlNTA3NzE4YyIsInVzZXJfaWQiOjEyfQ.BTPTXv6VBLEOeu-IjFmHixQi2aBNObVxkD5cGgDK31w",
    "created_at": "2026-02-09T16:59:23.506Z",
    "expires_at": "2026-02-16T16:59:23Z"
  }
},
{
  "model": "token_blacklist.outstandingtoken",
  "pk": 33,
  "fields": {
    "user": 12,
    "jti": "f86dfbb0c23b40ceacb09229d0165ad9",
    "token": "eyJhbGciOiJIUzI1NiIsInR5cCI6IkpXVCJ9.eyJ0b2tlbl90eXBlIjoicmVmcmVzaCIsImV4cCI6MTc3MTI2MTc4NCwiaWF0IjoxNzcwNjU2OTg0LCJqdGkiOiJmODZkZmJiMGMyM2I0MGNlYWNiMDkyMjlkMDE2NWFkOSIsInVzZXJfaWQiOjEyfQ.aRNTyz_OBOIZ4FiGcNRif_8fgkYImTEGyt0u_mM8e64",
    "created_at": "2026-02-09T17:09:44.054Z",
    "expires_at": "2026-02-16T17:09:44Z"
  }
},
{
  "model": "token_blacklist.outstandingtoken",
  "pk": 34,
  "fields": {
    "user": 12,
    "jti": "31c947dbff444d92a34e925325213441",
    "token": "eyJhbGciOiJIUzI1NiIsInR5cCI6IkpXVCJ9.eyJ0b2tlbl90eXBlIjoicmVmcmVzaCIsImV4cCI6MTc3MTI2MTg2OCwiaWF0IjoxNzcwNjU3MDY4LCJqdGkiOiIzMWM5NDdkYmZmNDQ0ZDkyYTM0ZTkyNTMyNTIxMzQ0MSIsInVzZXJfaWQiOjEyfQ.53m3vwi_ph4EAR985MBS_uaGn60_HANnKlAvGs4rp3A",
    "created_at": "2026-02-09T17:11:08.600Z",
    "expires_at": "2026-02-16T17:11:08Z"
  }
},
{
  "model": "token_blacklist.outstandingtoken",
  "pk": 35,
  "fields": {
    "user": 16,
    "jti": "663b2c364d92415797b2d0f08b32be6a",
    "token": "eyJhbGciOiJIUzI1NiIsInR5cCI6IkpXVCJ9.eyJ0b2tlbl90eXBlIjoicmVmcmVzaCIsImV4cCI6MTc3MTI2NTAwMSwiaWF0IjoxNzcwNjYwMjAxLCJqdGkiOiI2NjNiMmMzNjRkOTI0MTU3OTdiMmQwZjA4YjMyYmU2YSIsInVzZXJfaWQiOjE2fQ.25gTZWfQnSLpaLY6x5IFo4nq_1MZe8STrg_PHyx3VxU",
    "created_at": "2026-02-09T18:03:21.684Z",
    "expires_at": "2026-02-16T18:03:21Z"
  }
},
{
  "model": "token_blacklist.outstandingtoken",
  "pk": 36,
  "fields": {
    "user": 12,
    "jti": "e4b353cb9f824395b6aa9fb6d7b17e84",
    "token": "eyJhbGciOiJIUzI1NiIsInR5cCI6IkpXVCJ9.eyJ0b2tlbl90eXBlIjoicmVmcmVzaCIsImV4cCI6MTc3MTI2NTYzNCwiaWF0IjoxNzcwNjYwODM0LCJqdGkiOiJlNGIzNTNjYjlmODI0Mzk1YjZhYTlmYjZkN2IxN2U4NCIsInVzZXJfaWQiOiIxMiJ9.bpgyjdYmOVHqEg_3pOsy5a79N8eVlzYBEhM-84_dKwI",
    "created_at": "2026-02-09T18:13:54.703Z",
    "expires_at": "2026-02-16T18:13:54Z"
  }
},
{
  "model": "token_blacklist.outstandingtoken",
  "pk": 37,
  "fields": {
    "user": 12,
    "jti": "81970f27df51490b8b395dabe8b8ad64",
    "token": "eyJhbGciOiJIUzI1NiIsInR5cCI6IkpXVCJ9.eyJ0b2tlbl90eXBlIjoicmVmcmVzaCIsImV4cCI6MTc3MTI2NTkyNiwiaWF0IjoxNzcwNjYxMTI2LCJqdGkiOiI4MTk3MGYyN2RmNTE0OTBiOGIzOTVkYWJlOGI4YWQ2NCIsInVzZXJfaWQiOiIxMiJ9.uQQI7db1PR_wmt71BFCP_jmoP-ba6vM309jxioW7Ois",
    "created_at": "2026-02-09T18:18:46.599Z",
    "expires_at": "2026-02-16T18:18:46Z"
  }
},
{
  "model": "token_blacklist.outstandingtoken",
  "pk": 38,
  "fields": {
    "user": 12,
    "jti": "fc4af8b9d7c343f8adcb2e253f39a4ac",
    "token": "eyJhbGciOiJIUzI1NiIsInR5cCI6IkpXVCJ9.eyJ0b2tlbl90eXBlIjoicmVmcmVzaCIsImV4cCI6MTc3MTI4NDQwMiwiaWF0IjoxNzcwNjc5NjAyLCJqdGkiOiJmYzRhZjhiOWQ3YzM0M2Y4YWRjYjJlMjUzZjM5YTRhYyIsInVzZXJfaWQiOiIxMiJ9.cV6FxPSs2R_15OdX3XoIcJnO5o4G00yBGkfDzq64yNg",
    "created_at": "2026-02-09T23:26:42.551Z",
    "expires_at": "2026-02-16T23:26:42Z"
  }
},
{
  "model": "token_blacklist.outstandingtoken",
  "pk": 39,
  "fields": {
    "user": 16,
    "jti": "87b338013cb243058d7883d868652b8e",
    "token": "eyJhbGciOiJIUzI1NiIsInR5cCI6IkpXVCJ9.eyJ0b2tlbl90eXBlIjoicmVmcmVzaCIsImV4cCI6MTc3MTI4NDQ0MywiaWF0IjoxNzcwNjc5NjQzLCJqdGkiOiI4N2IzMzgwMTNjYjI0MzA1OGQ3ODgzZDg2ODY1MmI4ZSIsInVzZXJfaWQiOiIxNiJ9.OyF6JR7qMBo4YbZuS7n2vvlEkeUE5mqdOchJqWxWDc8",
    "created_at": "2026-02-09T23:27:23.237Z",
    "expires_at": "2026-02-16T23:27:23Z"
  }
},
{
  "model": "token_blacklist.outstandingtoken",
  "pk": 40,
  "fields": {
    "user": 12,
    "jti": "dc014265744a4da9976e18f28dbe3b4e",
    "token": "eyJhbGciOiJIUzI1NiIsInR5cCI6IkpXVCJ9.eyJ0b2tlbl90eXBlIjoicmVmcmVzaCIsImV4cCI6MTc3MTI4NDQ3NywiaWF0IjoxNzcwNjc5Njc3LCJqdGkiOiJkYzAxNDI2NTc0NGE0ZGE5OTc2ZTE4ZjI4ZGJlM2I0ZSIsInVzZXJfaWQiOiIxMiJ9.Nnus0PWG5ChIwxQ4kRxwd1OJ5w0qJtwMuJRangb5BAE",
    "created_at": "2026-02-09T23:27:57.582Z",
    "expires_at": "2026-02-16T23:27:57Z"
  }
},
{
  "model": "token_blacklist.outstandingtoken",
  "pk": 41,
  "fields": {
    "user": 12,
    "jti": "9230ed9ec70b4e0398cea64640936710",
    "token": "eyJhbGciOiJIUzI1NiIsInR5cCI6IkpXVCJ9.eyJ0b2tlbl90eXBlIjoicmVmcmVzaCIsImV4cCI6MTc3MTI5MzM3OSwiaWF0IjoxNzcwNjg4NTc5LCJqdGkiOiI5MjMwZWQ5ZWM3MGI0ZTAzOThjZWE2NDY0MDkzNjcxMCIsInVzZXJfaWQiOiIxMiJ9.32g3SXKHbzc3y37FqzcOfxvP-2ZVzF85LW24MmqSbP4",
    "created_at": "2026-02-10T01:56:19.551Z",
    "expires_at": "2026-02-17T01:56:19Z"
  }
},
{
  "model": "token_blacklist.outstandingtoken",
  "pk": 42,
  "fields": {
    "user": 12,
    "jti": "b66999afb16345c9982f760b8c9660e2",
    "token": "eyJhbGciOiJIUzI1NiIsInR5cCI6IkpXVCJ9.eyJ0b2tlbl90eXBlIjoicmVmcmVzaCIsImV4cCI6MTc3MTI5MzU5MywiaWF0IjoxNzcwNjg4NzkzLCJqdGkiOiJiNjY5OTlhZmIxNjM0NWM5OTgyZjc2MGI4Yzk2NjBlMiIsInVzZXJfaWQiOiIxMiJ9.YJeMn514uiR33J30h5ZrPalYyjju0FuHbnp4CPRSrmM",
    "created_at": "2026-02-10T01:59:53.556Z",
    "expires_at": "2026-02-17T01:59:53Z"
  }
},
{
  "model": "token_blacklist.outstandingtoken",
  "pk": 43,
  "fields": {
    "user": 12,
    "jti": "7d2002d172ef46b4aac2d93d5f7eab96",
    "token": "eyJhbGciOiJIUzI1NiIsInR5cCI6IkpXVCJ9.eyJ0b2tlbl90eXBlIjoicmVmcmVzaCIsImV4cCI6MTc3MTI5NTE3MSwiaWF0IjoxNzcwNjkwMzcxLCJqdGkiOiI3ZDIwMDJkMTcyZWY0NmI0YWFjMmQ5M2Q1ZjdlYWI5NiIsInVzZXJfaWQiOiIxMiJ9.mZJ80R7EFNBmz7qqQq9FA0_Y46WJKnTNcHbAK3ZF1YY",
    "created_at": "2026-02-10T02:26:11.348Z",
    "expires_at": "2026-02-17T02:26:11Z"
  }
},
{
  "model": "token_blacklist.outstandingtoken",
  "pk": 44,
  "fields": {
    "user": 14,
    "jti": "bd925d55bb71400088e15675916f7290",
    "token": "eyJhbGciOiJIUzI1NiIsInR5cCI6IkpXVCJ9.eyJ0b2tlbl90eXBlIjoicmVmcmVzaCIsImV4cCI6MTc3MTM0MDkxMywiaWF0IjoxNzcwNzM2MTEzLCJqdGkiOiJiZDkyNWQ1NWJiNzE0MDAwODhlMTU2NzU5MTZmNzI5MCIsInVzZXJfaWQiOiIxNCJ9.V5thr4kztCdFJoTnNkIAfy-oK9zFCIByDSs_We8n2d8",
    "created_at": "2026-02-10T15:08:33.337Z",
    "expires_at": "2026-02-17T15:08:33Z"
  }
},
{
  "model": "token_blacklist.blacklistedtoken",
  "pk": 1,
  "fields": {
    "token": 1,
    "blacklisted_at": "2026-02-07T13:09:06.105Z"
  }
},
{
  "model": "token_blacklist.blacklistedtoken",
  "pk": 2,
  "fields": {
    "token": 3,
    "blacklisted_at": "2026-02-07T15:11:36.160Z"
  }
},
{
  "model": "token_blacklist.blacklistedtoken",
  "pk": 3,
  "fields": {
    "token": 8,
    "blacklisted_at": "2026-02-07T16:52:35.016Z"
  }
},
{
  "model": "token_blacklist.blacklistedtoken",
  "pk": 4,
  "fields": {
    "token": 10,
    "blacklisted_at": "2026-02-07T16:55:02.226Z"
  }
},
{
  "model": "token_blacklist.blacklistedtoken",
  "pk": 5,
  "fields": {
    "token": 11,
    "blacklisted_at": "2026-02-07T17:07:42.005Z"
  }
},
{
  "model": "token_blacklist.blacklistedtoken",
  "pk": 6,
  "fields": {
    "token": 13,
    "blacklisted_at": "2026-02-07T18:11:07.527Z"
  }
},
{
  "model": "token_blacklist.blacklistedtoken",
  "pk": 7,
  "fields": {
    "token": 14,
    "blacklisted_at": "2026-02-07T19:21:02.553Z"
  }
},
{
  "model": "token_blacklist.blacklistedtoken",
  "pk": 8,
  "fields": {
    "token": 15,
    "blacklisted_at": "2026-02-07T19:34:34.069Z"
  }
},
{
  "model": "token_blacklist.blacklistedtoken",
  "pk": 9,
  "fields": {
    "token": 16,
    "blacklisted_at": "2026-02-07T19:35:16.055Z"
  }
},
{
  "model": "token_blacklist.blacklistedtoken",
  "pk": 11,
  "fields": {
    "token": 17,
    "blacklisted_at": "2026-02-07T21:18:25.059Z"
  }
},
{
  "model": "token_blacklist.blacklistedtoken",
  "pk": 14,
  "fields": {
    "token": 18,
    "blacklisted_at": "2026-02-08T17:24:42.819Z"
  }
},
{
  "model": "token_blacklist.blacklistedtoken",
  "pk": 15,
  "fields": {
    "token": 19,
    "blacklisted_at": "2026-02-08T17:40:01.569Z"
  }
},
{
  "model": "token_blacklist.blacklistedtoken",
  "pk": 16,
  "fields": {
    "token": 22,
    "blacklisted_at": "2026-02-08T18:16:02.443Z"
  }
},
{
  "model": "token_blacklist.blacklistedtoken",
  "pk": 17,
  "fields": {
    "token": 21,
    "blacklisted_at": "2026-02-08T18:21:29.139Z"
  }
},
{
  "model": "token_blacklist.blacklistedtoken",
  "pk": 18,
  "fields": {
    "token": 24,
    "blacklisted_at": "2026-02-08T18:22:51.544Z"
  }
},
{
  "model": "token_blacklist.blacklistedtoken",
  "pk": 19,
  "fields": {
    "token": 25,
    "blacklisted_at": "2026-02-08T18:24:11.896Z"
  }
},
{
  "model": "token_blacklist.blacklistedtoken",
  "pk": 20,
  "fields": {
    "token": 9,
    "blacklisted_at": "2026-02-08T19:34:22.663Z"
  }
},
{
  "model": "token_blacklist.blacklistedtoken",
  "pk": 21,
  "fields": {
    "token": 27,
    "blacklisted_at": "2026-02-08T20:58:18.825Z"
  }
},
{
  "model": "token_blacklist.blacklistedtoken",
  "pk": 22,
  "fields": {
    "token": 20,
    "blacklisted_at": "2026-02-09T16:55:22.413Z"
  }
},
{
  "model": "token_blacklist.blacklistedtoken",
  "pk": 23,
  "fields": {
    "token": 29,
    "blacklisted_at": "2026-02-09T16:59:01.570Z"
  }
},
{
  "model": "token_blacklist.blacklistedtoken",
  "pk": 24,
  "fields": {
    "token": 32,
    "blacklisted_at": "2026-02-09T17:09:38.302Z"
  }
},
{
  "model": "token_blacklist.blacklistedtoken",
  "pk": 25,
  "fields": {
    "token": 34,
    "blacklisted_at": "2026-02-09T18:03:11.578Z"
  }
},
{
  "model": "token_blacklist.blacklistedtoken",
  "pk": 26,
  "fields": {
    "token": 30,
    "blacklisted_at": "2026-02-09T18:13:48.329Z"
  }
},
{
  "model": "token_blacklist.blacklistedtoken",
  "pk": 27,
  "fields": {
    "token": 36,
    "blacklisted_at": "2026-02-09T18:18:32.611Z"
  }
},
{
  "model": "token_blacklist.blacklistedtoken",
  "pk": 28,
  "fields": {
    "token": 38,
    "blacklisted_at": "2026-02-09T23:27:04.345Z"
  }
},
{
  "model": "token_blacklist.blacklistedtoken",
  "pk": 29,
  "fields": {
    "token": 39,
    "blacklisted_at": "2026-02-09T23:27:47.489Z"
  }
},
{
  "model": "token_blacklist.blacklistedtoken",
  "pk": 30,
  "fields": {
    "token": 40,
    "blacklisted_at": "2026-02-10T01:56:14.511Z"
  }
},
{
  "model": "token_blacklist.blacklistedtoken",
  "pk": 31,
  "fields": {
    "token": 41,
    "blacklisted_at": "2026-02-10T01:56:40.712Z"
  }
},
{
  "model": "token_blacklist.blacklistedtoken",
  "pk": 32,
  "fields": {
    "token": 42,
    "blacklisted_at": "2026-02-10T02:25:45.920Z"
  }
},
{
  "model": "users.user",
  "pk": 1,
  "fields": {
    "password": "pbkdf2_sha256$1000000$PzeHR78AvmKHog3bnu3q9X$un7VrHKQi8G0jhqi46OcLDzU5GRfjJiHG46L+pyvLxM=",
    "last_login": "2026-02-07T13:01:40.947Z",
    "email": "admin@django.com",
    "first_name": "Admin",
    "last_name": "PCP",
    "phone_number": null,
    "photoURL": "https://i.ibb.co.com/hWK4ZpT/petDP.jpg",
    "bio": "",
    "date_of_birth": null,
    "location_city": null,
    "location_state": null,
    "location_country": "USA",
    "zip_code": null,
    "latitude": null,
    "longitude": null,
    "email_verified": true,
    "phone_verified": true,
    "verified_identity": true,
    "pet_owner_verified": false,
    "verification_code": null,
    "verification_code_expires_at": null,
    "phone_verification_code": null,
    "phone_verification_code_expires_at": null,
    "phone_verification_sent_at": null,
    "privacy_settings": {},
    "role": "admin",
    "account_status": "active",
    "is_active": true,
    "is_staff": true,
    "is_superuser": true,
    "date_joined": "2026-02-05T17:33:04.977Z",
    "groups": [],
    "user_permissions": []
  }
},
{
  "model": "users.user",
  "pk": 12,
  "fields": {
    "password": "pbkdf2_sha256$1000000$mnqVy76WZkcjfX6xZpNvYh$zVXvFWyjcKajb8bOdjo3RusIxr6uGdmXvZNm3bpFvu4=",
    "last_login": null,
    "email": "rocky20809@gmail.com",
    "first_name": "Rocky",
    "last_name": "Chowdhury",
    "phone_number": "01858351717",
    "photoURL": "https://i.ibb.co.com/hWK4ZpT/petDP.jpg",
    "bio": "",
    "date_of_birth": "2003-07-17",
    "location_city": "Dhaka",
    "location_state": "Dhaka Division",
    "location_country": "Bangladesh",
    "zip_code": "1216",
    "latitude": "23.801483",
    "longitude": "90.368960",
    "email_verified": true,
    "phone_verified": true,
    "verified_identity": true,
    "pet_owner_verified": false,
    "verification_code": null,
    "verification_code_expires_at": null,
    "phone_verification_code": null,
    "phone_verification_code_expires_at": null,
    "phone_verification_sent_at": null,
    "privacy_settings": {},
    "role": "user",
    "account_status": "active",
    "is_active": true,
    "is_staff": false,
    "is_superuser": false,
    "date_joined": "2026-02-07T16:39:32.384Z",
    "groups": [],
    "user_permissions": []
  }
},
{
  "model": "users.user",
  "pk": 13,
  "fields": {
    "password": "pbkdf2_sha256$1000000$2vCVZMvQo5RblvEXE5PscF$Y02V5k3QvgrIevEISLLuLNRNclUy8sGgNzFFuNDsjH0=",
    "last_login": null,
    "email": "imtiaz@jetixia.com",
    "first_name": "IMTIAZ",
    "last_name": "TAMIM",
    "phone_number": "",
    "photoURL": "https://i.ibb.co.com/hWK4ZpT/petDP.jpg",
    "bio": null,
    "date_of_birth": null,
    "location_city": "Dhaka",
    "location_state": "Dhaka Division",
    "location_country": "Bangladesh",
    "zip_code": "1216",
    "latitude": "23.801483",
    "longitude": "90.368960",
    "email_verified": true,
    "phone_verified": true,
    "verified_identity": false,
    "pet_owner_verified": false,
    "verification_code": null,
    "verification_code_expires_at": null,
    "phone_verification_code": null,
    "phone_verification_code_expires_at": null,
    "phone_verification_sent_at": null,
    "privacy_settings": {},
    "role": "user",
    "account_status": "active",
    "is_active": true,
    "is_staff": false,
    "is_superuser": false,
    "date_joined": "2026-02-07T16:53:25.283Z",
    "groups": [],
    "user_permissions": []
  }
},
{
  "model": "users.user",
  "pk": 14,
  "fields": {
    "password": "pbkdf2_sha256$1000000$JiCFQCpq7SD5W27oND8GX2$RR3zqhASq7+jnkqT9HKFoZ67/0B5i9tmWFsO5gwUsuk=",
    "last_login": null,
    "email": "shahinchowdhury233@gmail.com",
    "first_name": "Shahin",
    "last_name": "Chowdhury",
    "phone_number": "01639066718",
    "photoURL": "https://i.ibb.co.com/hWK4ZpT/petDP.jpg",
    "bio": "",
    "date_of_birth": "2019-02-08",
    "location_city": "Dhaka",
    "location_state": "Dhaka Division",
    "location_country": "Bangladesh",
    "zip_code": "1216",
    "latitude": "23.801483",
    "longitude": "90.368960",
    "email_verified": true,
    "phone_verified": false,
    "verified_identity": false,
    "pet_owner_verified": false,
    "verification_code": null,
    "verification_code_expires_at": null,
    "phone_verification_code": null,
    "phone_verification_code_expires_at": null,
    "phone_verification_sent_at": null,
    "privacy_settings": {},
    "role": "user",
    "account_status": "active",
    "is_active": true,
    "is_staff": false,
    "is_superuser": false,
    "date_joined": "2026-02-07T16:55:21.250Z",
    "groups": [],
    "user_permissions": []
  }
},
{
  "model": "users.user",
  "pk": 15,
  "fields": {
    "password": "pbkdf2_sha256$1000000$ODXkfX4Rw9nn1OBt1CGjQ1$iU9U/Zd6uJYtx0G6T6bfsk7ZL9YfQ+T7gmvhG38BVQ4=",
    "last_login": null,
    "email": "provider1@pcp.com",
    "first_name": "Aileen",
    "last_name": "Molina",
    "phone_number": null,
    "photoURL": "https://i.ibb.co.com/hWK4ZpT/petDP.jpg",
    "bio": "",
    "date_of_birth": null,
    "location_city": "Dhaka",
    "location_state": "Dhaka Division",
    "location_country": "Bangladesh",
    "zip_code": "1216",
    "latitude": "23.801483",
    "longitude": "90.368960",
    "email_verified": true,
    "phone_verified": true,
    "verified_identity": true,
    "pet_owner_verified": false,
    "verification_code": null,
    "verification_code_expires_at": null,
    "phone_verification_code": null,
    "phone_verification_code_expires_at": null,
    "phone_verification_sent_at": null,
    "privacy_settings": {},
    "role": "service_provider",
    "account_status": "active",
    "is_active": true,
    "is_staff": false,
    "is_superuser": false,
    "date_joined": "2026-02-07T19:21:48.391Z",
    "groups": [],
    "user_permissions": []
  }
},
{
  "model": "users.user",
  "pk": 16,
  "fields": {
    "password": "pbkdf2_sha256$1000000$phyCQcprYS6fDoaqwnEdRN$lalYTcl+QKB1mcTzXYRoT4uSlHIsFX70kfFdK2ZLFSQ=",
    "last_login": null,
    "email": "provider@pcp.com",
    "first_name": "Healthy",
    "last_name": "Owner",
    "phone_number": "01639066718",
    "photoURL": "https://i.ibb.co.com/hWK4ZpT/petDP.jpg",
    "bio": "",
    "date_of_birth": null,
    "location_city": "Dhaka",
    "location_state": null,
    "location_country": "Bangladesh",
    "zip_code": "1206",
    "latitude": null,
    "longitude": null,
    "email_verified": true,
    "phone_verified": true,
    "verified_identity": true,
    "pet_owner_verified": false,
    "verification_code": null,
    "verification_code_expires_at": null,
    "phone_verification_code": null,
    "phone_verification_code_expires_at": null,
    "phone_verification_sent_at": null,
    "privacy_settings": {},
    "role": "service_provider",
    "account_status": "active",
    "is_active": true,
    "is_staff": false,
    "is_superuser": false,
    "date_joined": "2026-02-07T19:53:44.097Z",
    "groups": [],
    "user_permissions": []
  }
},
{
  "model": "users.user",
  "pk": 17,
  "fields": {
    "password": "pbkdf2_sha256$1000000$gActkd89dW5qLkTbZQbL5b$T5YVmfVAZ/Q6qEabm62zrUHliinuHlyiciA+FZoNyjM=",
    "last_login": null,
    "email": "provider3@pcp.com",
    "first_name": "Pawsitive",
    "last_name": "Owner",
    "phone_number": "01639066718",
    "photoURL": "https://i.ibb.co.com/hWK4ZpT/petDP.jpg",
    "bio": "",
    "date_of_birth": null,
    "location_city": "Dhaka",
    "location_state": null,
    "location_country": "Bangladesh",
    "zip_code": "1206",
    "latitude": null,
    "longitude": null,
    "email_verified": true,
    "phone_verified": true,
    "verified_identity": true,
    "pet_owner_verified": false,
    "verification_code": null,
    "verification_code_expires_at": null,
    "phone_verification_code": null,
    "phone_verification_code_expires_at": null,
    "phone_verification_sent_at": null,
    "privacy_settings": {},
    "role": "service_provider",
    "account_status": "active",
    "is_active": true,
    "is_staff": false,
    "is_superuser": false,
    "date_joined": "2026-02-07T19:53:46.501Z",
    "groups": [],
    "user_permissions": []
  }
},
{
  "model": "users.user",
  "pk": 18,
  "fields": {
    "password": "pbkdf2_sha256$1000000$ZvjtiVfBFyDpzEr9Ugx0if$8b/nVctoZUAlQJ602RI1Ji1FJBdSyA+q6kSa9DXEknU=",
    "last_login": null,
    "email": "provider4@pcp.com",
    "first_name": "Pampered",
    "last_name": "Owner",
    "phone_number": "01639066718",
    "photoURL": "https://i.ibb.co.com/hWK4ZpT/petDP.jpg",
    "bio": "",
    "date_of_birth": null,
    "location_city": "Dhaka",
    "location_state": null,
    "location_country": "Bangladesh",
    "zip_code": "1206",
    "latitude": null,
    "longitude": null,
    "email_verified": true,
    "phone_verified": true,
    "verified_identity": true,
    "pet_owner_verified": false,
    "verification_code": null,
    "verification_code_expires_at": null,
    "phone_verification_code": null,
    "phone_verification_code_expires_at": null,
    "phone_verification_sent_at": null,
    "privacy_settings": {},
    "role": "service_provider",
    "account_status": "active",
    "is_active": true,
    "is_staff": false,
    "is_superuser": false,
    "date_joined": "2026-02-07T19:53:48.874Z",
    "groups": [],
    "user_permissions": []
  }
},
{
  "model": "users.user",
  "pk": 19,
  "fields": {
    "password": "pbkdf2_sha256$1000000$XRqUrIfwHzamoFCRXTOLte$GFUcg3ZElDboG4Hi6g6yVXZkKzS/7qZFxlRsB4PAaPU=",
    "last_login": null,
    "email": "provider5@pcp.com",
    "first_name": "Reliable",
    "last_name": "Owner",
    "phone_number": "01639066718",
    "photoURL": "https://i.ibb.co.com/hWK4ZpT/petDP.jpg",
    "bio": "",
    "date_of_birth": null,
    "location_city": "Dhaka",
    "location_state": null,
    "location_country": "Bangladesh",
    "zip_code": "1206",
    "latitude": null,
    "longitude": null,
    "email_verified": true,
    "phone_verified": true,
    "verified_identity": true,
    "pet_owner_verified": false,
    "verification_code": null,
    "verification_code_expires_at": null,
    "phone_verification_code": null,
    "phone_verification_code_expires_at": null,
    "phone_verification_sent_at": null,
    "privacy_settings": {},
    "role": "service_provider",
    "account_status": "active",
    "is_active": true,
    "is_staff": false,
    "is_superuser": false,
    "date_joined": "2026-02-07T19:53:51.064Z",
    "groups": [],
    "user_permissions": []
  }
},
{
  "model": "users.user",
  "pk": 20,
  "fields": {
    "password": "pbkdf2_sha256$1000000$JSRtOmMOfdu9F6zhLISTi4$KsZU22eMiRHonDj+6vCyhWfdVjzuIbeD7zzZue5PnMQ=",
    "last_login": null,
    "email": "provider6@pcp.com",
    "first_name": "Safe",
    "last_name": "Owner",
    "phone_number": "01639066718",
    "photoURL": "https://i.ibb.co.com/hWK4ZpT/petDP.jpg",
    "bio": "",
    "date_of_birth": null,
    "location_city": "Dhaka",
    "location_state": null,
    "location_country": "Bangladesh",
    "zip_code": "1206",
    "latitude": null,
    "longitude": null,
    "email_verified": true,
    "phone_verified": true,
    "verified_identity": true,
    "pet_owner_verified": false,
    "verification_code": null,
    "verification_code_expires_at": null,
    "phone_verification_code": null,
    "phone_verification_code_expires_at": null,
    "phone_verification_sent_at": null,
    "privacy_settings": {},
    "role": "service_provider",
    "account_status": "active",
    "is_active": true,
    "is_staff": false,
    "is_superuser": false,
    "date_joined": "2026-02-07T19:53:53.241Z",
    "groups": [],
    "user_permissions": []
  }
},
{
  "model": "users.user",
  "pk": 21,
  "fields": {
    "password": "pbkdf2_sha256$1000000$yETZCHqcXyvflR9O3I2T18$Z9QBQP9TvKnHRHSZ7ov54Cw8s4zOD+U7GcZPjhRyExo=",
    "last_login": null,
    "email": "provider7@pcp.com",
    "first_name": "Emergency",
    "last_name": "Owner",
    "phone_number": "01639066718",
    "photoURL": "https://i.ibb.co.com/hWK4ZpT/petDP.jpg",
    "bio": "",
    "date_of_birth": null,
    "location_city": "Dhaka",
    "location_state": null,
    "location_country": "Bangladesh",
    "zip_code": "1206",
    "latitude": null,
    "longitude": null,
    "email_verified": true,
    "phone_verified": true,
    "verified_identity": true,
    "pet_owner_verified": false,
    "verification_code": null,
    "verification_code_expires_at": null,
    "phone_verification_code": null,
    "phone_verification_code_expires_at": null,
    "phone_verification_sent_at": null,
    "privacy_settings": {},
    "role": "service_provider",
    "account_status": "active",
    "is_active": true,
    "is_staff": false,
    "is_superuser": false,
    "date_joined": "2026-02-07T19:53:55.427Z",
    "groups": [],
    "user_permissions": []
  }
},
{
  "model": "users.user",
  "pk": 22,
  "fields": {
    "password": "pbkdf2_sha256$1000000$SkIffaNHs7B0jPs6LB4UEg$L539gS2hsu3uzLYWDQVm8X2ea3SqUkfbnxMX+u1KJX4=",
    "last_login": null,
    "email": "provider8@pcp.com",
    "first_name": "Canine",
    "last_name": "Owner",
    "phone_number": "01639066718",
    "photoURL": "https://i.ibb.co.com/hWK4ZpT/petDP.jpg",
    "bio": "",
    "date_of_birth": null,
    "location_city": "Dhaka",
    "location_state": null,
    "location_country": "Bangladesh",
    "zip_code": "1206",
    "latitude": null,
    "longitude": null,
    "email_verified": true,
    "phone_verified": true,
    "verified_identity": true,
    "pet_owner_verified": false,
    "verification_code": null,
    "verification_code_expires_at": null,
    "phone_verification_code": null,
    "phone_verification_code_expires_at": null,
    "phone_verification_sent_at": null,
    "privacy_settings": {},
    "role": "service_provider",
    "account_status": "active",
    "is_active": true,
    "is_staff": false,
    "is_superuser": false,
    "date_joined": "2026-02-07T19:53:57.791Z",
    "groups": [],
    "user_permissions": []
  }
},
{
  "model": "users.user",
  "pk": 23,
  "fields": {
    "password": "pbkdf2_sha256$1000000$b2sIkY8KCQgsXccwuSoeup$1bupKv6gIu+/0EJeuXFuAjhNjpVd2XQpXC8kAYRKBrQ=",
    "last_login": null,
    "email": "provider9@pcp.com",
    "first_name": "Mobile",
    "last_name": "Owner",
    "phone_number": "01639066718",
    "photoURL": "https://i.ibb.co.com/hWK4ZpT/petDP.jpg",
    "bio": "",
    "date_of_birth": null,
    "location_city": "Dhaka",
    "location_state": null,
    "location_country": "Bangladesh",
    "zip_code": "1216",
    "latitude": null,
    "longitude": null,
    "email_verified": true,
    "phone_verified": true,
    "verified_identity": true,
    "pet_owner_verified": false,
    "verification_code": null,
    "verification_code_expires_at": null,
    "phone_verification_code": null,
    "phone_verification_code_expires_at": null,
    "phone_verification_sent_at": null,
    "privacy_settings": {},
    "role": "service_provider",
    "account_status": "active",
    "is_active": true,
    "is_staff": false,
    "is_superuser": false,
    "date_joined": "2026-02-07T19:54:00.162Z",
    "groups": [],
    "user_permissions": []
  }
},
{
  "model": "users.user",
  "pk": 24,
  "fields": {
    "password": "pbkdf2_sha256$1000000$38Pmo9G9ob6LV80tLtPzXM$cD1MHT1LQI2TcpzFJw1tpFg6fMCGNzOXoOlHqN+LVNI=",
    "last_login": null,
    "email": "provider10@pcp.com",
    "first_name": "Premium",
    "last_name": "Owner",
    "phone_number": "01639066718",
    "photoURL": "https://i.ibb.co.com/hWK4ZpT/petDP.jpg",
    "bio": "",
    "date_of_birth": null,
    "location_city": "Dhaka",
    "location_state": null,
    "location_country": "Bangladesh",
    "zip_code": "1206",
    "latitude": null,
    "longitude": null,
    "email_verified": true,
    "phone_verified": true,
    "verified_identity": true,
    "pet_owner_verified": false,
    "verification_code": null,
    "verification_code_expires_at": null,
    "phone_verification_code": null,
    "phone_verification_code_expires_at": null,
    "phone_verification_sent_at": null,
    "privacy_settings": {},
    "role": "service_provider",
    "account_status": "active",
    "is_active": true,
    "is_staff": false,
    "is_superuser": false,
    "date_joined": "2026-02-07T19:54:02.339Z",
    "groups": [],
    "user_permissions": []
  }
},
{
  "model": "users.user",
  "pk": 25,
  "fields": {
    "password": "pbkdf2_sha256$1000000$C2Y0nr8i7R3zFvfXnZwEKa$D3aXKnHhfn8zDs0OyW8A+l8+HLBie7yZMDW/091INOg=",
    "last_login": null,
    "email": "provider11@pcp.com",
    "first_name": "Specialty",
    "last_name": "Owner",
    "phone_number": "01639066718",
    "photoURL": "https://i.ibb.co.com/hWK4ZpT/petDP.jpg",
    "bio": "",
    "date_of_birth": null,
    "location_city": "Dhaka",
    "location_state": null,
    "location_country": "Bangladesh",
    "zip_code": "1206",
    "latitude": null,
    "longitude": null,
    "email_verified": true,
    "phone_verified": true,
    "verified_identity": true,
    "pet_owner_verified": false,
    "verification_code": null,
    "verification_code_expires_at": null,
    "phone_verification_code": null,
    "phone_verification_code_expires_at": null,
    "phone_verification_sent_at": null,
    "privacy_settings": {},
    "role": "service_provider",
    "account_status": "active",
    "is_active": true,
    "is_staff": false,
    "is_superuser": false,
    "date_joined": "2026-02-07T19:54:04.521Z",
    "groups": [],
    "user_permissions": []
  }
},
{
  "model": "users.user",
  "pk": 26,
  "fields": {
    "password": "pbkdf2_sha256$1000000$r9thv3cqFpDNevKkRRSQJm$7rnIvH64Qq8UVWJq0thsFSe3c55gctFuz7f+WMiG3mI=",
    "last_login": null,
    "email": "provider12@pcp.com",
    "first_name": "Puppy",
    "last_name": "Owner",
    "phone_number": "01639066718",
    "photoURL": "https://i.ibb.co.com/hWK4ZpT/petDP.jpg",
    "bio": "",
    "date_of_birth": null,
    "location_city": "Dhaka",
    "location_state": null,
    "location_country": "Bangladesh",
    "zip_code": "1206",
    "latitude": null,
    "longitude": null,
    "email_verified": true,
    "phone_verified": true,
    "verified_identity": true,
    "pet_owner_verified": false,
    "verification_code": null,
    "verification_code_expires_at": null,
    "phone_verification_code": null,
    "phone_verification_code_expires_at": null,
    "phone_verification_sent_at": null,
    "privacy_settings": {},
    "role": "service_provider",
    "account_status": "active",
    "is_active": true,
    "is_staff": false,
    "is_superuser": false,
    "date_joined": "2026-02-07T19:54:06.893Z",
    "groups": [],
    "user_permissions": []
  }
},
{
  "model": "users.user",
  "pk": 27,
  "fields": {
    "password": "pbkdf2_sha256$1000000$LOeLBDa8H7f9hgGCN4bhqQ$ZQAXkqzq3P5B0jA1PQmBdwh3ARt2ieJplkEA3yIOEf0=",
    "last_login": null,
    "email": "provider13@pcp.com",
    "first_name": "Luxury",
    "last_name": "Owner",
    "phone_number": "01639066718",
    "photoURL": "https://i.ibb.co.com/hWK4ZpT/petDP.jpg",
    "bio": "",
    "date_of_birth": null,
    "location_city": "Dhaka",
    "location_state": null,
    "location_country": "Bangladesh",
    "zip_code": "1206",
    "latitude": null,
    "longitude": null,
    "email_verified": true,
    "phone_verified": true,
    "verified_identity": true,
    "pet_owner_verified": false,
    "verification_code": null,
    "verification_code_expires_at": null,
    "phone_verification_code": null,
    "phone_verification_code_expires_at": null,
    "phone_verification_sent_at": null,
    "privacy_settings": {},
    "role": "service_provider",
    "account_status": "active",
    "is_active": true,
    "is_staff": false,
    "is_superuser": false,
    "date_joined": "2026-02-07T19:54:09.278Z",
    "groups": [],
    "user_permissions": []
  }
},
{
  "model": "users.user",
  "pk": 28,
  "fields": {
    "password": "pbkdf2_sha256$1000000$FiaUQJigSuIM1kGGZlQUOR$k7BPSqhYeYW9kV75yYQ6f7k94/+Q3Mk1KBOLdDKWhnc=",
    "last_login": null,
    "email": "provider14@pcp.com",
    "first_name": "Compassionate",
    "last_name": "Owner",
    "phone_number": "01639066718",
    "photoURL": "https://i.ibb.co.com/hWK4ZpT/petDP.jpg",
    "bio": "",
    "date_of_birth": null,
    "location_city": "Dhaka",
    "location_state": null,
    "location_country": "Bangladesh",
    "zip_code": "1206",
    "latitude": null,
    "longitude": null,
    "email_verified": true,
    "phone_verified": true,
    "verified_identity": true,
    "pet_owner_verified": false,
    "verification_code": null,
    "verification_code_expires_at": null,
    "phone_verification_code": null,
    "phone_verification_code_expires_at": null,
    "phone_verification_sent_at": null,
    "privacy_settings": {},
    "role": "service_provider",
    "account_status": "active",
    "is_active": true,
    "is_staff": false,
    "is_superuser": false,
    "date_joined": "2026-02-07T19:54:11.468Z",
    "groups": [],
    "user_permissions": []
  }
},
{
  "model": "users.user",
  "pk": 29,
  "fields": {
    "password": "pbkdf2_sha256$1000000$1G7l994xARMT2ULCqRwUmk$bPANZOvF9nljmI5wVmOV8gy3z+QvZYW2wsYhNLvInVc=",
    "last_login": null,
    "email": "provider15@pcp.com",
    "first_name": "Adventure",
    "last_name": "Owner",
    "phone_number": "01639066718",
    "photoURL": "https://i.ibb.co.com/hWK4ZpT/petDP.jpg",
    "bio": "",
    "date_of_birth": null,
    "location_city": "Dhaka",
    "location_state": null,
    "location_country": "Bangladesh",
    "zip_code": "1206",
    "latitude": null,
    "longitude": null,
    "email_verified": true,
    "phone_verified": true,
    "verified_identity": true,
    "pet_owner_verified": false,
    "verification_code": null,
    "verification_code_expires_at": null,
    "phone_verification_code": null,
    "phone_verification_code_expires_at": null,
    "phone_verification_sent_at": null,
    "privacy_settings": {},
    "role": "service_provider",
    "account_status": "active",
    "is_active": true,
    "is_staff": false,
    "is_superuser": false,
    "date_joined": "2026-02-07T19:54:13.656Z",
    "groups": [],
    "user_permissions": []
  }
},
{
  "model": "users.user",
  "pk": 30,
  "fields": {
    "password": "pbkdf2_sha256$1000000$fdjI5P1LSY26nAm7d2421q$JzF6AyWWegt7zz+avbA75Qu6zfgJyH6zlOa22FItLjc=",
    "last_login": null,
    "email": "provider16@pcp.com",
    "first_name": "Mobile",
    "last_name": "Owner",
    "phone_number": "01639066718",
    "photoURL": "https://i.ibb.co.com/hWK4ZpT/petDP.jpg",
    "bio": "",
    "date_of_birth": null,
    "location_city": "Dhaka",
    "location_state": null,
    "location_country": "Bangladesh",
    "zip_code": "1206",
    "latitude": null,
    "longitude": null,
    "email_verified": true,
    "phone_verified": true,
    "verified_identity": true,
    "pet_owner_verified": false,
    "verification_code": null,
    "verification_code_expires_at": null,
    "phone_verification_code": null,
    "phone_verification_code_expires_at": null,
    "phone_verification_sent_at": null,
    "privacy_settings": {},
    "role": "service_provider",
    "account_status": "active",
    "is_active": true,
    "is_staff": false,
    "is_superuser": false,
    "date_joined": "2026-02-07T19:54:15.833Z",
    "groups": [],
    "user_permissions": []
  }
},
{
  "model": "pets.petprofile",
  "pk": 3,
  "fields": {
    "owner": 12,
    "name": "Max",
    "species": "dog",
    "breed": "German Shepherd",
    "birth_date": "2020-11-20",
    "gender": "male",
    "weight_kg": "34.00",
    "size_category": "large",
    "spayed_neutered": true,
    "microchipped": false,
    "status": "rehomed",
    "description": "Highly intelligent and loyal dog, trained in basic obedience.",
    "created_at": "2026-02-07T17:06:11.257Z",
    "updated_at": "2026-02-07T17:59:15.733Z"
  }
},
{
  "model": "pets.petprofile",
  "pk": 4,
  "fields": {
    "owner": 12,
    "name": "Luna",
    "species": "cat",
    "breed": "British Shorthair",
    "birth_date": "2022-08-05",
    "gender": "female",
    "weight_kg": "4.20",
    "size_category": "small",
    "spayed_neutered": true,
    "microchipped": true,
    "status": "active",
    "description": "Calm indoor cat who enjoys naps, gentle play, and quiet environments.",
    "created_at": "2026-02-07T17:06:11.453Z",
    "updated_at": "2026-02-07T17:31:41.483Z"
  }
},
{
  "model": "pets.petprofile",
  "pk": 5,
  "fields": {
    "owner": 12,
    "name": "Coco",
    "species": "rabbit",
    "breed": "Chihuahua",
    "birth_date": "2023-03-11",
    "gender": "female",
    "weight_kg": "2.60",
    "size_category": "small",
    "spayed_neutered": false,
    "microchipped": false,
    "status": "rehomed",
    "description": "Tiny but confident dog who bonds closely with her owner.",
    "created_at": "2026-02-07T17:06:11.629Z",
    "updated_at": "2026-02-07T17:59:26.869Z"
  }
},
{
  "model": "pets.petprofile",
  "pk": 6,
  "fields": {
    "owner": 12,
    "name": "Lily",
    "species": "cat",
    "breed": "Scottish Fold",
    "birth_date": "2021-06-14",
    "gender": "female",
    "weight_kg": "3.90",
    "size_category": "small",
    "spayed_neutered": true,
    "microchipped": false,
    "status": "active",
    "description": "Sweet-natured cat with folded ears and a calm temperament.",
    "created_at": "2026-02-07T17:06:11.805Z",
    "updated_at": "2026-02-07T17:29:00.190Z"
  }
},
{
  "model": "pets.petprofile",
  "pk": 7,
  "fields": {
    "owner": 12,
    "name": "Leo",
    "species": "dog",
    "breed": "Rottweiler",
    "birth_date": "2020-01-25",
    "gender": "male",
    "weight_kg": "42.30",
    "size_category": "large",
    "spayed_neutered": true,
    "microchipped": true,
    "status": "active",
    "description": "Protective and confident dog with strong guarding instincts.",
    "created_at": "2026-02-07T17:06:11.980Z",
    "updated_at": "2026-02-07T17:32:46.731Z"
  }
},
{
  "model": "pets.petprofile",
  "pk": 8,
  "fields": {
    "owner": 12,
    "name": "Charlie",
    "species": "dog",
    "breed": "Beagle",
    "birth_date": "2021-09-03",
    "gender": "male",
    "weight_kg": "11.20",
    "size_category": "medium",
    "spayed_neutered": true,
    "microchipped": false,
    "status": "active",
    "description": "Curious and friendly dog with a strong sense of smell.",
    "created_at": "2026-02-07T17:06:12.156Z",
    "updated_at": "2026-02-07T17:27:38.343Z"
  }
},
{
  "model": "pets.petprofile",
  "pk": 9,
  "fields": {
    "owner": 12,
    "name": "Daisy",
    "species": "cat",
    "breed": "Siamese",
    "birth_date": "2020-02-27",
    "gender": "female",
    "weight_kg": "4.50",
    "size_category": "small",
    "spayed_neutered": true,
    "microchipped": true,
    "status": "active",
    "description": "Vocal and affectionate cat who enjoys human attention.",
    "created_at": "2026-02-07T17:06:12.332Z",
    "updated_at": "2026-02-07T17:26:54.878Z"
  }
},
{
  "model": "pets.petprofile",
  "pk": 10,
  "fields": {
    "owner": 12,
    "name": "Bruno",
    "species": "dog",
    "breed": "Doberman Pinscher",
    "birth_date": "2019-04-18",
    "gender": "male",
    "weight_kg": "36.80",
    "size_category": "large",
    "spayed_neutered": true,
    "microchipped": true,
    "status": "active",
    "description": "Alert and energetic dog, very loyal and responsive to training.",
    "created_at": "2026-02-07T17:06:12.507Z",
    "updated_at": "2026-02-07T17:26:16.631Z"
  }
},
{
  "model": "pets.petprofile",
  "pk": 11,
  "fields": {
    "owner": 12,
    "name": "Milo",
    "species": "cat",
    "breed": "Persian",
    "birth_date": "2023-01-15",
    "gender": "male",
    "weight_kg": "3.80",
    "size_category": "small",
    "spayed_neutered": false,
    "microchipped": false,
    "status": "active",
    "description": "Playful kitten with a fluffy coat and a curious personality.",
    "created_at": "2026-02-07T17:06:12.684Z",
    "updated_at": "2026-02-07T17:25:30.075Z"
  }
},
{
  "model": "pets.petprofile",
  "pk": 12,
  "fields": {
    "owner": 12,
    "name": "Oscar",
    "species": "dog",
    "breed": "Poodle",
    "birth_date": "2021-07-30",
    "gender": "male",
    "weight_kg": "9.80",
    "size_category": "small",
    "spayed_neutered": true,
    "microchipped": true,
    "status": "active",
    "description": "Smart and hypoallergenic dog, easy to train and very social.",
    "created_at": "2026-02-07T17:06:12.859Z",
    "updated_at": "2026-02-07T17:09:18.521Z"
  }
},
{
  "model": "pets.petprofile",
  "pk": 14,
  "fields": {
    "owner": 14,
    "name": "Bella",
    "species": "dog",
    "breed": "Labrador Retriever",
    "birth_date": "2019-06-10",
    "gender": "female",
    "weight_kg": "28.70",
    "size_category": "large",
    "spayed_neutered": true,
    "microchipped": true,
    "status": "active",
    "description": "Gentle family dog who is great with children and other pets.",
    "created_at": "2026-02-07T17:06:13.254Z",
    "updated_at": "2026-02-07T18:06:46.963Z"
  }
},
{
  "model": "pets.petprofile",
  "pk": 15,
  "fields": {
    "owner": 14,
    "name": "Bruno",
    "species": "bird",
    "breed": "Doberman Pinscher",
    "birth_date": "2019-04-18",
    "gender": "male",
    "weight_kg": "3.80",
    "size_category": "large",
    "spayed_neutered": true,
    "microchipped": true,
    "status": "active",
    "description": "Alert and energetic dog, very loyal and responsive to training.",
    "created_at": "2026-02-07T17:06:13.430Z",
    "updated_at": "2026-02-07T18:03:28.496Z"
  }
},
{
  "model": "pets.petprofile",
  "pk": 16,
  "fields": {
    "owner": 14,
    "name": "Luna",
    "species": "cat",
    "breed": "British Shorthair",
    "birth_date": "2022-08-05",
    "gender": "female",
    "weight_kg": "4.20",
    "size_category": "small",
    "spayed_neutered": true,
    "microchipped": true,
    "status": "active",
    "description": "Calm indoor cat who enjoys naps, gentle play, and quiet environments.",
    "created_at": "2026-02-07T17:06:13.606Z",
    "updated_at": "2026-02-07T18:09:34.124Z"
  }
},
{
  "model": "pets.petprofile",
  "pk": 17,
  "fields": {
    "owner": 14,
    "name": "Lily",
    "species": "cat",
    "breed": "Scottish Fold",
    "birth_date": "2021-06-14",
    "gender": "female",
    "weight_kg": "3.90",
    "size_category": "small",
    "spayed_neutered": true,
    "microchipped": false,
    "status": "active",
    "description": "Sweet-natured cat with folded ears and a calm temperament.",
    "created_at": "2026-02-07T17:06:13.782Z",
    "updated_at": "2026-02-07T18:07:51.427Z"
  }
},
{
  "model": "pets.petprofile",
  "pk": 18,
  "fields": {
    "owner": 14,
    "name": "Milo",
    "species": "rabbit",
    "breed": "Persian",
    "birth_date": "2023-01-15",
    "gender": "male",
    "weight_kg": "3.80",
    "size_category": "small",
    "spayed_neutered": false,
    "microchipped": false,
    "status": "active",
    "description": "Playful kitten with a fluffy coat and a curious personality.",
    "created_at": "2026-02-07T17:06:13.957Z",
    "updated_at": "2026-02-07T18:04:52.595Z"
  }
},
{
  "model": "pets.petprofile",
  "pk": 19,
  "fields": {
    "owner": 14,
    "name": "Charlie",
    "species": "dog",
    "breed": "Beagle",
    "birth_date": "2021-09-03",
    "gender": "male",
    "weight_kg": "11.20",
    "size_category": "medium",
    "spayed_neutered": true,
    "microchipped": false,
    "status": "active",
    "description": "Curious and friendly dog with a strong sense of smell.",
    "created_at": "2026-02-07T17:06:14.134Z",
    "updated_at": "2026-02-07T18:08:49.557Z"
  }
},
{
  "model": "pets.petprofile",
  "pk": 20,
  "fields": {
    "owner": 14,
    "name": "Simba",
    "species": "cat",
    "breed": "Maine Coon",
    "birth_date": "2019-10-08",
    "gender": "male",
    "weight_kg": "7.90",
    "size_category": "large",
    "spayed_neutered": true,
    "microchipped": true,
    "status": "active",
    "description": "Large, gentle cat with a friendly and playful nature.",
    "created_at": "2026-02-07T17:06:14.309Z",
    "updated_at": "2026-02-07T18:05:52.274Z"
  }
},
{
  "model": "pets.petprofile",
  "pk": 21,
  "fields": {
    "owner": 14,
    "name": "Oscar",
    "species": "dog",
    "breed": "Poodle",
    "birth_date": "2021-07-30",
    "gender": "male",
    "weight_kg": "9.80",
    "size_category": "small",
    "spayed_neutered": true,
    "microchipped": true,
    "status": "active",
    "description": "Smart and hypoallergenic dog, easy to train and very social.",
    "created_at": "2026-02-07T17:06:14.486Z",
    "updated_at": "2026-02-07T18:02:00.098Z"
  }
},
{
  "model": "pets.petprofile",
  "pk": 22,
  "fields": {
    "owner": 14,
    "name": "Nala",
    "species": "cat",
    "breed": "Bengal",
    "birth_date": "2022-05-19",
    "gender": "female",
    "weight_kg": "5.10",
    "size_category": "medium",
    "spayed_neutered": true,
    "microchipped": false,
    "status": "active",
    "description": "Active and intelligent cat who loves climbing and exploring.",
    "created_at": "2026-02-07T17:06:14.662Z",
    "updated_at": "2026-02-07T18:01:07.730Z"
  }
},
{
  "model": "pets.petprofile",
  "pk": 23,
  "fields": {
    "owner": 13,
    "name": "Milo",
    "species": "cat",
    "breed": "Persian",
    "birth_date": "2023-01-15",
    "gender": "male",
    "weight_kg": "3.80",
    "size_category": "small",
    "spayed_neutered": false,
    "microchipped": false,
    "status": "active",
    "description": "Playful kitten with a fluffy coat and a curious personality.",
    "created_at": "2026-02-07T17:06:14.881Z",
    "updated_at": "2026-02-07T17:06:14.881Z"
  }
},
{
  "model": "pets.petprofile",
  "pk": 24,
  "fields": {
    "owner": 13,
    "name": "Bella",
    "species": "dog",
    "breed": "Labrador Retriever",
    "birth_date": "2019-06-10",
    "gender": "female",
    "weight_kg": "28.70",
    "size_category": "large",
    "spayed_neutered": true,
    "microchipped": true,
    "status": "active",
    "description": "Gentle family dog who is great with children and other pets.",
    "created_at": "2026-02-07T17:06:15.057Z",
    "updated_at": "2026-02-07T17:06:15.057Z"
  }
},
{
  "model": "pets.petprofile",
  "pk": 25,
  "fields": {
    "owner": 13,
    "name": "Bruno",
    "species": "dog",
    "breed": "Doberman Pinscher",
    "birth_date": "2019-04-18",
    "gender": "male",
    "weight_kg": "36.80",
    "size_category": "large",
    "spayed_neutered": true,
    "microchipped": true,
    "status": "active",
    "description": "Alert and energetic dog, very loyal and responsive to training.",
    "created_at": "2026-02-07T17:06:15.232Z",
    "updated_at": "2026-02-07T17:06:15.232Z"
  }
},
{
  "model": "pets.petprofile",
  "pk": 26,
  "fields": {
    "owner": 13,
    "name": "Lily",
    "species": "cat",
    "breed": "Scottish Fold",
    "birth_date": "2021-06-14",
    "gender": "female",
    "weight_kg": "3.90",
    "size_category": "small",
    "spayed_neutered": true,
    "microchipped": false,
    "status": "active",
    "description": "Sweet-natured cat with folded ears and a calm temperament.",
    "created_at": "2026-02-07T17:06:15.408Z",
    "updated_at": "2026-02-07T17:06:15.408Z"
  }
},
{
  "model": "pets.petprofile",
  "pk": 27,
  "fields": {
    "owner": 13,
    "name": "Max",
    "species": "dog",
    "breed": "German Shepherd",
    "birth_date": "2020-11-20",
    "gender": "male",
    "weight_kg": "34.00",
    "size_category": "large",
    "spayed_neutered": true,
    "microchipped": false,
    "status": "active",
    "description": "Highly intelligent and loyal dog, trained in basic obedience.",
    "created_at": "2026-02-07T17:06:15.584Z",
    "updated_at": "2026-02-07T17:06:15.584Z"
  }
},
{
  "model": "pets.petprofile",
  "pk": 28,
  "fields": {
    "owner": 13,
    "name": "Coco",
    "species": "dog",
    "breed": "Chihuahua",
    "birth_date": "2023-03-11",
    "gender": "female",
    "weight_kg": "2.60",
    "size_category": "small",
    "spayed_neutered": false,
    "microchipped": false,
    "status": "active",
    "description": "Tiny but confident dog who bonds closely with her owner.",
    "created_at": "2026-02-07T17:06:15.759Z",
    "updated_at": "2026-02-07T17:06:15.759Z"
  }
},
{
  "model": "pets.petprofile",
  "pk": 29,
  "fields": {
    "owner": 13,
    "name": "Simba",
    "species": "cat",
    "breed": "Maine Coon",
    "birth_date": "2019-10-08",
    "gender": "male",
    "weight_kg": "7.90",
    "size_category": "large",
    "spayed_neutered": true,
    "microchipped": true,
    "status": "active",
    "description": "Large, gentle cat with a friendly and playful nature.",
    "created_at": "2026-02-07T17:06:15.933Z",
    "updated_at": "2026-02-07T17:06:15.933Z"
  }
},
{
  "model": "pets.petprofile",
  "pk": 30,
  "fields": {
    "owner": 13,
    "name": "Daisy",
    "species": "cat",
    "breed": "Siamese",
    "birth_date": "2020-02-27",
    "gender": "female",
    "weight_kg": "4.50",
    "size_category": "small",
    "spayed_neutered": true,
    "microchipped": true,
    "status": "active",
    "description": "Vocal and affectionate cat who enjoys human attention.",
    "created_at": "2026-02-07T17:06:16.108Z",
    "updated_at": "2026-02-07T17:06:16.108Z"
  }
},
{
  "model": "pets.petprofile",
  "pk": 31,
  "fields": {
    "owner": 13,
    "name": "Oscar",
    "species": "dog",
    "breed": "Poodle",
    "birth_date": "2021-07-30",
    "gender": "male",
    "weight_kg": "9.80",
    "size_category": "small",
    "spayed_neutered": true,
    "microchipped": true,
    "status": "active",
    "description": "Smart and hypoallergenic dog, easy to train and very social.",
    "created_at": "2026-02-07T17:06:16.283Z",
    "updated_at": "2026-02-07T17:06:16.283Z"
  }
},
{
  "model": "pets.petprofile",
  "pk": 32,
  "fields": {
    "owner": 13,
    "name": "Luna",
    "species": "cat",
    "breed": "British Shorthair",
    "birth_date": "2022-08-05",
    "gender": "female",
    "weight_kg": "4.20",
    "size_category": "small",
    "spayed_neutered": true,
    "microchipped": true,
    "status": "active",
    "description": "Calm indoor cat who enjoys naps, gentle play, and quiet environments.",
    "created_at": "2026-02-07T17:06:16.458Z",
    "updated_at": "2026-02-07T17:06:16.458Z"
  }
},
{
  "model": "pets.petprofile",
  "pk": 33,
  "fields": {
    "owner": 12,
    "name": "September",
    "species": "bird",
    "breed": "Voluptas dolorem",
    "birth_date": "2005-05-05",
    "gender": "unknown",
    "weight_kg": "8.00",
    "size_category": "medium",
    "spayed_neutered": false,
    "microchipped": false,
    "status": "active",
    "description": "Deserunt impedit pr",
    "created_at": "2026-02-07T17:34:02.854Z",
    "updated_at": "2026-02-07T17:35:15.929Z"
  }
},
{
  "model": "pets.petprofile",
  "pk": 34,
  "fields": {
    "owner": 12,
    "name": "Zelenia",
    "species": "bird",
    "breed": "Illum assumenda",
    "birth_date": "1997-06-11",
    "gender": "female",
    "weight_kg": "9.00",
    "size_category": "medium",
    "spayed_neutered": false,
    "microchipped": false,
    "status": "active",
    "description": "Inventore autem atqu imtiaz   autem atqu",
    "created_at": "2026-02-07T17:36:03.268Z",
    "updated_at": "2026-02-07T17:36:37.212Z"
  }
},
{
  "model": "pets.petprofile",
  "pk": 35,
  "fields": {
    "owner": 12,
    "name": "Quon Heath",
    "species": "bird",
    "breed": "Cum officia voluptat",
    "birth_date": "1990-08-13",
    "gender": "male",
    "weight_kg": "77.00",
    "size_category": "medium",
    "spayed_neutered": false,
    "microchipped": false,
    "status": "active",
    "description": "Id do iure quis adip  autem atqu  autem atqu",
    "created_at": "2026-02-07T17:36:55.523Z",
    "updated_at": "2026-02-07T17:37:32.736Z"
  }
},
{
  "model": "pets.petmedia",
  "pk": 13,
  "fields": {
    "pet": 12,
    "url": "https://i.ibb.co/SX5n86NQ/charlesdeluvio-Mv9hjn-EUHR4-unsplash.jpg",
    "delete_url": "https://ibb.co/bgQBZ61H/f6d8c6e9bf11d37e91f1eb05f95c0247",
    "is_primary": true,
    "uploaded_at": "2026-02-07T17:09:19.374Z"
  }
},
{
  "model": "pets.petmedia",
  "pk": 14,
  "fields": {
    "pet": 12,
    "url": "https://i.ibb.co/F4DWbLTB/pexels-valeriya-kobzar-42371713-15506104.jpg",
    "delete_url": "https://ibb.co/s9VPvdYF/311457c31f0d9e9d4168b3dc45b1736b",
    "is_primary": false,
    "uploaded_at": "2026-02-07T17:09:19.421Z"
  }
},
{
  "model": "pets.petmedia",
  "pk": 15,
  "fields": {
    "pet": 12,
    "url": "https://i.ibb.co/cc9jVJtb/charlesdeluvio-K4m-SJ7kc0-As-unsplash.jpg",
    "delete_url": "https://ibb.co/ynCr705h/d7ea6149112e413a91e3f1025024adff",
    "is_primary": false,
    "uploaded_at": "2026-02-07T17:09:19.469Z"
  }
},
{
  "model": "pets.petmedia",
  "pk": 19,
  "fields": {
    "pet": 11,
    "url": "https://i.ibb.co/hJ4DfcBD/amber-kipp-75715-CVEJh-I-unsplash.jpg",
    "delete_url": "https://ibb.co/mV268096/24016f2a832f0679a8c14238deead684",
    "is_primary": true,
    "uploaded_at": "2026-02-07T17:25:30.845Z"
  }
},
{
  "model": "pets.petmedia",
  "pk": 20,
  "fields": {
    "pet": 11,
    "url": "https://i.ibb.co/p9CthkW/alexander-london-m-Ja-D10-Xe-D7w-unsplash.jpg",
    "delete_url": "https://ibb.co/c7zGYsb/65d4575692b48afc44151da56b068117",
    "is_primary": false,
    "uploaded_at": "2026-02-07T17:25:30.888Z"
  }
},
{
  "model": "pets.petmedia",
  "pk": 21,
  "fields": {
    "pet": 11,
    "url": "https://i.ibb.co/qXw1vkr/loan-7-AIDE8-Prv-A0-unsplash.jpg",
    "delete_url": "https://ibb.co/YYGjxpL/69fcc4055f2d95cdeedabeef902e20bf",
    "is_primary": false,
    "uploaded_at": "2026-02-07T17:25:30.931Z"
  }
},
{
  "model": "pets.petmedia",
  "pk": 25,
  "fields": {
    "pet": 10,
    "url": "https://i.ibb.co/bjVG4jXQ/baptist-standaert-mx0-DEnf-Yxic-unsplash.jpg",
    "delete_url": "https://ibb.co/tw610wDQ/8c0f6d9e807f606df7ec2abbb5c9f3ac",
    "is_primary": true,
    "uploaded_at": "2026-02-07T17:26:17.489Z"
  }
},
{
  "model": "pets.petmedia",
  "pk": 26,
  "fields": {
    "pet": 10,
    "url": "https://i.ibb.co/F4DWbLTB/pexels-valeriya-kobzar-42371713-15506104.jpg",
    "delete_url": "https://ibb.co/s9VPvdYF/311457c31f0d9e9d4168b3dc45b1736b",
    "is_primary": false,
    "uploaded_at": "2026-02-07T17:26:17.537Z"
  }
},
{
  "model": "pets.petmedia",
  "pk": 27,
  "fields": {
    "pet": 10,
    "url": "https://i.ibb.co/fd36FzzW/pexels-goochie-poochie-3361739.jpg",
    "delete_url": "https://ibb.co/LdTjRXXy/ddc67d1e6af3bfcf26cb0d8c5e91d954",
    "is_primary": false,
    "uploaded_at": "2026-02-07T17:26:17.585Z"
  }
},
{
  "model": "pets.petmedia",
  "pk": 31,
  "fields": {
    "pet": 9,
    "url": "https://i.ibb.co/Ps0LTpMc/brunno-tozzo-8-Zl-EZZAhki-U-unsplash.jpg",
    "delete_url": "https://ibb.co/qLVS0GCN/9f301b6e20291198af2486dbec352b53",
    "is_primary": true,
    "uploaded_at": "2026-02-07T17:26:55.723Z"
  }
},
{
  "model": "pets.petmedia",
  "pk": 32,
  "fields": {
    "pet": 9,
    "url": "https://i.ibb.co/tpqjw62r/pexels-622177503-33654924.jpg",
    "delete_url": "https://ibb.co/MkcwyH10/6748a5ffb487a69f7b8feb2b44af446d",
    "is_primary": false,
    "uploaded_at": "2026-02-07T17:26:55.771Z"
  }
},
{
  "model": "pets.petmedia",
  "pk": 33,
  "fields": {
    "pet": 9,
    "url": "https://i.ibb.co/Lz5tJbTY/pexels-tranmautritam-2061057.jpg",
    "delete_url": "https://ibb.co/PZQh932F/50b6d08bf20a1f98db356eb317dcb871",
    "is_primary": false,
    "uploaded_at": "2026-02-07T17:26:55.818Z"
  }
},
{
  "model": "pets.petmedia",
  "pk": 37,
  "fields": {
    "pet": 8,
    "url": "https://i.ibb.co/cc9jVJtb/charlesdeluvio-K4m-SJ7kc0-As-unsplash.jpg",
    "delete_url": "https://ibb.co/ynCr705h/d7ea6149112e413a91e3f1025024adff",
    "is_primary": true,
    "uploaded_at": "2026-02-07T17:27:39.200Z"
  }
},
{
  "model": "pets.petmedia",
  "pk": 38,
  "fields": {
    "pet": 8,
    "url": "https://i.ibb.co/LdwZ5v0y/pexels-valeriya-kobzar-42371713-15506103.jpg",
    "delete_url": "https://ibb.co/k2nS1MGT/7716a8165c8df168aa887cd3b946b4b3",
    "is_primary": false,
    "uploaded_at": "2026-02-07T17:27:39.249Z"
  }
},
{
  "model": "pets.petmedia",
  "pk": 39,
  "fields": {
    "pet": 8,
    "url": "https://i.ibb.co/ynwLddr4/pexels-david-vives-1474251-28990268.jpg",
    "delete_url": "https://ibb.co/3yDt44nR/7f671864146ba0461ba780a78191d798",
    "is_primary": false,
    "uploaded_at": "2026-02-07T17:27:39.297Z"
  }
},
{
  "model": "pets.petmedia",
  "pk": 49,
  "fields": {
    "pet": 6,
    "url": "https://i.ibb.co/99R84SQc/images.jpg",
    "delete_url": "https://ibb.co/mCQDygfb/2f8aa00faa2b35650486971072ab3c33",
    "is_primary": true,
    "uploaded_at": "2026-02-07T17:29:01.043Z"
  }
},
{
  "model": "pets.petmedia",
  "pk": 50,
  "fields": {
    "pet": 6,
    "url": "https://i.ibb.co/tpqjw62r/pexels-622177503-33654924.jpg",
    "delete_url": "https://ibb.co/MkcwyH10/6748a5ffb487a69f7b8feb2b44af446d",
    "is_primary": false,
    "uploaded_at": "2026-02-07T17:29:01.090Z"
  }
},
{
  "model": "pets.petmedia",
  "pk": 51,
  "fields": {
    "pet": 6,
    "url": "https://i.ibb.co/pvXLCSW3/pexels-francesco-ungaro-96938.jpg",
    "delete_url": "https://ibb.co/hR8mpSXK/142e94253d08345a1b6aaa349b59ff4a",
    "is_primary": false,
    "uploaded_at": "2026-02-07T17:29:01.138Z"
  }
},
{
  "model": "pets.petmedia",
  "pk": 55,
  "fields": {
    "pet": 5,
    "url": "https://i.ibb.co/XfDrMdXM/sgalagaev-z8e-LHl6-S-7s-unsplash.jpg",
    "delete_url": "https://ibb.co/mr0VgYJg/44dce224e15c0a9fcb8d47a87b825c0b",
    "is_primary": true,
    "uploaded_at": "2026-02-07T17:30:12.216Z"
  }
},
{
  "model": "pets.petmedia",
  "pk": 56,
  "fields": {
    "pet": 5,
    "url": "https://i.ibb.co/8DmRGCcz/pexels-12photography-342905-13460157.jpg",
    "delete_url": "https://ibb.co/Gvd1G6Ts/a41f4b6203438b9045ef5274ed29b535",
    "is_primary": false,
    "uploaded_at": "2026-02-07T17:30:12.261Z"
  }
},
{
  "model": "pets.petmedia",
  "pk": 57,
  "fields": {
    "pet": 5,
    "url": "https://i.ibb.co/jKZfR78/pexels-alexandra-koch-7356188.jpg",
    "delete_url": "https://ibb.co/JLFtQXc/5802f62e3f5818641ba81ebd21e00404",
    "is_primary": false,
    "uploaded_at": "2026-02-07T17:30:12.307Z"
  }
},
{
  "model": "pets.petmedia",
  "pk": 61,
  "fields": {
    "pet": 4,
    "url": "https://i.ibb.co/1GQ0TdKV/pexels-pixabay-416160.jpg",
    "delete_url": "https://ibb.co/Wv5HfPF9/fdc0eb4c0a25afdf00900b36979bdc0c",
    "is_primary": true,
    "uploaded_at": "2026-02-07T17:31:42.275Z"
  }
},
{
  "model": "pets.petmedia",
  "pk": 62,
  "fields": {
    "pet": 4,
    "url": "https://i.ibb.co/dJPVLF5g/pexels-cong-h-613161-1404819.jpg",
    "delete_url": "https://ibb.co/WpkMPZ2t/e0addd9e5b546af1b32f4e20cf18d268",
    "is_primary": false,
    "uploaded_at": "2026-02-07T17:31:42.320Z"
  }
},
{
  "model": "pets.petmedia",
  "pk": 63,
  "fields": {
    "pet": 4,
    "url": "https://i.ibb.co/qXw1vkr/loan-7-AIDE8-Prv-A0-unsplash.jpg",
    "delete_url": "https://ibb.co/YYGjxpL/69fcc4055f2d95cdeedabeef902e20bf",
    "is_primary": false,
    "uploaded_at": "2026-02-07T17:31:42.364Z"
  }
},
{
  "model": "pets.petmedia",
  "pk": 67,
  "fields": {
    "pet": 3,
    "url": "https://i.ibb.co/bjVG4jXQ/baptist-standaert-mx0-DEnf-Yxic-unsplash.jpg",
    "delete_url": "https://ibb.co/tw610wDQ/8c0f6d9e807f606df7ec2abbb5c9f3ac",
    "is_primary": true,
    "uploaded_at": "2026-02-07T17:32:18.593Z"
  }
},
{
  "model": "pets.petmedia",
  "pk": 68,
  "fields": {
    "pet": 3,
    "url": "https://i.ibb.co/F4DWbLTB/pexels-valeriya-kobzar-42371713-15506104.jpg",
    "delete_url": "https://ibb.co/s9VPvdYF/311457c31f0d9e9d4168b3dc45b1736b",
    "is_primary": false,
    "uploaded_at": "2026-02-07T17:32:18.635Z"
  }
},
{
  "model": "pets.petmedia",
  "pk": 69,
  "fields": {
    "pet": 3,
    "url": "https://i.ibb.co/tw5WNjRK/pexels-christopher-welsch-leveroni-2150186467-31115675.jpg",
    "delete_url": "https://ibb.co/MyL3jwdS/bb19775a486bfe3bf0c59f19c846d387",
    "is_primary": false,
    "uploaded_at": "2026-02-07T17:32:18.676Z"
  }
},
{
  "model": "pets.petmedia",
  "pk": 70,
  "fields": {
    "pet": 7,
    "url": "https://i.ibb.co/wZcrMrpY/pexels-daigofotos-32710694.jpg",
    "delete_url": "https://ibb.co/CpPshsVW/815db0e789a9d848c193f10f06e8d48f",
    "is_primary": true,
    "uploaded_at": "2026-02-07T17:32:47.566Z"
  }
},
{
  "model": "pets.petmedia",
  "pk": 71,
  "fields": {
    "pet": 7,
    "url": "https://i.ibb.co/fd36FzzW/pexels-goochie-poochie-3361739.jpg",
    "delete_url": "https://ibb.co/LdTjRXXy/ddc67d1e6af3bfcf26cb0d8c5e91d954",
    "is_primary": false,
    "uploaded_at": "2026-02-07T17:32:47.612Z"
  }
},
{
  "model": "pets.petmedia",
  "pk": 72,
  "fields": {
    "pet": 7,
    "url": "https://i.ibb.co/twzZQ2rL/nathalie-ehrnleitner-7-Ev-Tx-Q4va04-unsplash.jpg",
    "delete_url": "https://ibb.co/Gf9snMSH/207b0a34bb727e059670502dab602a36",
    "is_primary": false,
    "uploaded_at": "2026-02-07T17:32:47.659Z"
  }
},
{
  "model": "pets.petmedia",
  "pk": 76,
  "fields": {
    "pet": 33,
    "url": "https://i.ibb.co/67p8nV1T/zdenek-machacek-eq-Xi-LNf-ZDc0-unsplash.jpg",
    "delete_url": "https://ibb.co/wFb703wP/1ad19cc0919d334fbc9844fdc79ac0f6",
    "is_primary": true,
    "uploaded_at": "2026-02-07T17:35:16.718Z"
  }
},
{
  "model": "pets.petmedia",
  "pk": 77,
  "fields": {
    "pet": 33,
    "url": "https://i.ibb.co/1J2vLj3R/pexels-hans-martha-399489-1059823.jpg",
    "delete_url": "https://ibb.co/XkJ2bM9F/9abc2f8dc38bda302cc4282ff3dc7b6e",
    "is_primary": false,
    "uploaded_at": "2026-02-07T17:35:16.763Z"
  }
},
{
  "model": "pets.petmedia",
  "pk": 78,
  "fields": {
    "pet": 33,
    "url": "https://i.ibb.co/gFrHjdN2/pexels-harriet-b-392993362-18687548.jpg",
    "delete_url": "https://ibb.co/HpK1FC6S/d5dfb1d6f23fc8680a952ef830fe7b5a",
    "is_primary": false,
    "uploaded_at": "2026-02-07T17:35:16.807Z"
  }
},
{
  "model": "pets.petmedia",
  "pk": 82,
  "fields": {
    "pet": 34,
    "url": "https://i.ibb.co/0p2SKJYc/Ramphastos-sulfuratus-Cerro-Ancon-Reserve-Panama-City-395958583.jpg",
    "delete_url": "https://ibb.co/fVF590r2/a6dc6b3dd12f5baffec0e8682c4ddef3",
    "is_primary": true,
    "uploaded_at": "2026-02-07T17:36:37.957Z"
  }
},
{
  "model": "pets.petmedia",
  "pk": 83,
  "fields": {
    "pet": 34,
    "url": "https://i.ibb.co/MyXWnZms/pexels-olesia-libra-417944690-15378664.jpg",
    "delete_url": "https://ibb.co/GfhB7nq0/cc40d1a1274368baa154c22bd8cdeea6",
    "is_primary": false,
    "uploaded_at": "2026-02-07T17:36:37.998Z"
  }
},
{
  "model": "pets.petmedia",
  "pk": 84,
  "fields": {
    "pet": 34,
    "url": "https://i.ibb.co/tT6QpTWH/pexels-dante-juhasz-62201650-18024099.jpg",
    "delete_url": "https://ibb.co/Q3Vpv31J/c819095aa3d0e57d964df5dcdc987d06",
    "is_primary": false,
    "uploaded_at": "2026-02-07T17:36:38.040Z"
  }
},
{
  "model": "pets.petmedia",
  "pk": 88,
  "fields": {
    "pet": 35,
    "url": "https://i.ibb.co/VW5yVTSR/pexels-neilyonamine-29408558.jpg",
    "delete_url": "https://ibb.co/jvsKhDMm/ca6bf82fe2297812ab1c01fdc48c6402",
    "is_primary": true,
    "uploaded_at": "2026-02-07T17:37:33.527Z"
  }
},
{
  "model": "pets.petmedia",
  "pk": 89,
  "fields": {
    "pet": 35,
    "url": "https://i.ibb.co/MyXWnZms/pexels-olesia-libra-417944690-15378664.jpg",
    "delete_url": "https://ibb.co/GfhB7nq0/cc40d1a1274368baa154c22bd8cdeea6",
    "is_primary": false,
    "uploaded_at": "2026-02-07T17:37:33.571Z"
  }
},
{
  "model": "pets.petmedia",
  "pk": 90,
  "fields": {
    "pet": 35,
    "url": "https://i.ibb.co/39m0rqtV/pexels-viktoriia-kondratiuk-458099300-18136556.jpg",
    "delete_url": "https://ibb.co/ycF8f1LK/4f8d805f2ebca45352804c65ef32f5b5",
    "is_primary": false,
    "uploaded_at": "2026-02-07T17:37:33.615Z"
  }
},
{
  "model": "pets.petmedia",
  "pk": 94,
  "fields": {
    "pet": 22,
    "url": "https://i.ibb.co/hJ4DfcBD/amber-kipp-75715-CVEJh-I-unsplash.jpg",
    "delete_url": "https://ibb.co/mV268096/24016f2a832f0679a8c14238deead684",
    "is_primary": true,
    "uploaded_at": "2026-02-07T18:01:09.824Z"
  }
},
{
  "model": "pets.petmedia",
  "pk": 95,
  "fields": {
    "pet": 22,
    "url": "https://i.ibb.co/p9CthkW/alexander-london-m-Ja-D10-Xe-D7w-unsplash.jpg",
    "delete_url": "https://ibb.co/c7zGYsb/65d4575692b48afc44151da56b068117",
    "is_primary": false,
    "uploaded_at": "2026-02-07T18:01:09.941Z"
  }
},
{
  "model": "pets.petmedia",
  "pk": 96,
  "fields": {
    "pet": 22,
    "url": "https://i.ibb.co/QvkGg7Tr/maddy-weiss-P9-Z1-Cp59-XQ4-unsplash.jpg",
    "delete_url": "https://ibb.co/KxDHPcfF/750ab3c2f3ee1d72085b7341a82c69a4",
    "is_primary": false,
    "uploaded_at": "2026-02-07T18:01:10.058Z"
  }
},
{
  "model": "pets.petmedia",
  "pk": 100,
  "fields": {
    "pet": 21,
    "url": "https://i.ibb.co/DHcqjPZr/jamie-street-Zqy-x7-K5-Qcg-unsplash.jpg",
    "delete_url": "https://ibb.co/mVZxPr3N/88fdd85d2fd7d801ea17703b4dd4f237",
    "is_primary": true,
    "uploaded_at": "2026-02-07T18:02:02.125Z"
  }
},
{
  "model": "pets.petmedia",
  "pk": 101,
  "fields": {
    "pet": 21,
    "url": "https://i.ibb.co/ymBBqBRV/oscar-sutton-yihla-RCCvd4-unsplash.jpg",
    "delete_url": "https://ibb.co/CpssQstW/3a0f8da86ed4bdf671f313a896e68d6f",
    "is_primary": false,
    "uploaded_at": "2026-02-07T18:02:02.238Z"
  }
},
{
  "model": "pets.petmedia",
  "pk": 102,
  "fields": {
    "pet": 21,
    "url": "https://i.ibb.co/SX5n86NQ/charlesdeluvio-Mv9hjn-EUHR4-unsplash.jpg",
    "delete_url": "https://ibb.co/bgQBZ61H/f6d8c6e9bf11d37e91f1eb05f95c0247",
    "is_primary": false,
    "uploaded_at": "2026-02-07T18:02:02.352Z"
  }
},
{
  "model": "pets.petmedia",
  "pk": 107,
  "fields": {
    "pet": 15,
    "url": "https://i.ibb.co/MyXWnZms/pexels-olesia-libra-417944690-15378664.jpg",
    "delete_url": "https://ibb.co/GfhB7nq0/cc40d1a1274368baa154c22bd8cdeea6",
    "is_primary": true,
    "uploaded_at": "2026-02-07T18:03:30.511Z"
  }
},
{
  "model": "pets.petmedia",
  "pk": 108,
  "fields": {
    "pet": 15,
    "url": "https://i.ibb.co/67p8nV1T/zdenek-machacek-eq-Xi-LNf-ZDc0-unsplash.jpg",
    "delete_url": "https://ibb.co/wFb703wP/1ad19cc0919d334fbc9844fdc79ac0f6",
    "is_primary": false,
    "uploaded_at": "2026-02-07T18:03:30.624Z"
  }
},
{
  "model": "pets.petmedia",
  "pk": 109,
  "fields": {
    "pet": 15,
    "url": "https://i.ibb.co/gFrHjdN2/pexels-harriet-b-392993362-18687548.jpg",
    "delete_url": "https://ibb.co/HpK1FC6S/d5dfb1d6f23fc8680a952ef830fe7b5a",
    "is_primary": false,
    "uploaded_at": "2026-02-07T18:03:30.737Z"
  }
},
{
  "model": "pets.petmedia",
  "pk": 110,
  "fields": {
    "pet": 15,
    "url": "https://i.ibb.co/39m0rqtV/pexels-viktoriia-kondratiuk-458099300-18136556.jpg",
    "delete_url": "https://ibb.co/ycF8f1LK/4f8d805f2ebca45352804c65ef32f5b5",
    "is_primary": false,
    "uploaded_at": "2026-02-07T18:03:30.850Z"
  }
},
{
  "model": "pets.petmedia",
  "pk": 114,
  "fields": {
    "pet": 18,
    "url": "https://i.ibb.co/KccHHqmj/sgalagaev-5i-SCtr-JX5o-unsplash.jpg",
    "delete_url": "https://ibb.co/cKKddFxc/a5f4805b0de823befe006b54bb8458cf",
    "is_primary": true,
    "uploaded_at": "2026-02-07T18:04:54.609Z"
  }
},
{
  "model": "pets.petmedia",
  "pk": 115,
  "fields": {
    "pet": 18,
    "url": "https://i.ibb.co/BVsW3qDG/pexels-cerenvisuals-34769862.jpg",
    "delete_url": "https://ibb.co/xS59LJvY/22eec9fa29738d88b07434e221fa5112",
    "is_primary": false,
    "uploaded_at": "2026-02-07T18:04:54.722Z"
  }
},
{
  "model": "pets.petmedia",
  "pk": 116,
  "fields": {
    "pet": 18,
    "url": "https://i.ibb.co/bgqPzKCd/pexels-seurafrancis99-5901774.jpg",
    "delete_url": "https://ibb.co/XZNbSCKJ/1db5a653db4efe028608c4c582da027a",
    "is_primary": false,
    "uploaded_at": "2026-02-07T18:04:54.834Z"
  }
},
{
  "model": "pets.petmedia",
  "pk": 120,
  "fields": {
    "pet": 20,
    "url": "https://i.ibb.co/f70Q52S/anis-rahman-2-PWJn-g-Fhac-unsplash.jpg",
    "delete_url": "https://ibb.co/2BK5Qy6/1c55c4ff52f623352a5c4f713750d169",
    "is_primary": true,
    "uploaded_at": "2026-02-07T18:05:54.305Z"
  }
},
{
  "model": "pets.petmedia",
  "pk": 121,
  "fields": {
    "pet": 20,
    "url": "https://i.ibb.co/QvkGg7Tr/maddy-weiss-P9-Z1-Cp59-XQ4-unsplash.jpg",
    "delete_url": "https://ibb.co/KxDHPcfF/750ab3c2f3ee1d72085b7341a82c69a4",
    "is_primary": false,
    "uploaded_at": "2026-02-07T18:05:54.418Z"
  }
},
{
  "model": "pets.petmedia",
  "pk": 122,
  "fields": {
    "pet": 20,
    "url": "https://i.ibb.co/Lz5tJbTY/pexels-tranmautritam-2061057.jpg",
    "delete_url": "https://ibb.co/PZQh932F/50b6d08bf20a1f98db356eb317dcb871",
    "is_primary": false,
    "uploaded_at": "2026-02-07T18:05:54.531Z"
  }
},
{
  "model": "pets.petmedia",
  "pk": 126,
  "fields": {
    "pet": 14,
    "url": "https://i.ibb.co/cc9jVJtb/charlesdeluvio-K4m-SJ7kc0-As-unsplash.jpg",
    "delete_url": "https://ibb.co/ynCr705h/d7ea6149112e413a91e3f1025024adff",
    "is_primary": true,
    "uploaded_at": "2026-02-07T18:06:49.051Z"
  }
},
{
  "model": "pets.petmedia",
  "pk": 127,
  "fields": {
    "pet": 14,
    "url": "https://i.ibb.co/wZcrMrpY/pexels-daigofotos-32710694.jpg",
    "delete_url": "https://ibb.co/CpPshsVW/815db0e789a9d848c193f10f06e8d48f",
    "is_primary": false,
    "uploaded_at": "2026-02-07T18:06:49.168Z"
  }
},
{
  "model": "pets.petmedia",
  "pk": 128,
  "fields": {
    "pet": 14,
    "url": "https://i.ibb.co/ynwLddr4/pexels-david-vives-1474251-28990268.jpg",
    "delete_url": "https://ibb.co/3yDt44nR/7f671864146ba0461ba780a78191d798",
    "is_primary": false,
    "uploaded_at": "2026-02-07T18:06:49.284Z"
  }
},
{
  "model": "pets.petmedia",
  "pk": 133,
  "fields": {
    "pet": 17,
    "url": "https://i.ibb.co/hJ4DfcBD/amber-kipp-75715-CVEJh-I-unsplash.jpg",
    "delete_url": "https://ibb.co/mV268096/24016f2a832f0679a8c14238deead684",
    "is_primary": true,
    "uploaded_at": "2026-02-07T18:07:53.468Z"
  }
},
{
  "model": "pets.petmedia",
  "pk": 134,
  "fields": {
    "pet": 17,
    "url": "https://i.ibb.co/99R84SQc/images.jpg",
    "delete_url": "https://ibb.co/mCQDygfb/2f8aa00faa2b35650486971072ab3c33",
    "is_primary": false,
    "uploaded_at": "2026-02-07T18:07:53.582Z"
  }
},
{
  "model": "pets.petmedia",
  "pk": 135,
  "fields": {
    "pet": 17,
    "url": "https://i.ibb.co/jvcbN5YX/pexels-delot-31458663.jpg",
    "delete_url": "https://ibb.co/hRPL6MNz/1d937385ff30baf6a2a70ad1690a1571",
    "is_primary": false,
    "uploaded_at": "2026-02-07T18:07:53.695Z"
  }
},
{
  "model": "pets.petmedia",
  "pk": 136,
  "fields": {
    "pet": 17,
    "url": "https://i.ibb.co/Lz5tJbTY/pexels-tranmautritam-2061057.jpg",
    "delete_url": "https://ibb.co/PZQh932F/50b6d08bf20a1f98db356eb317dcb871",
    "is_primary": false,
    "uploaded_at": "2026-02-07T18:07:53.809Z"
  }
},
{
  "model": "pets.petmedia",
  "pk": 140,
  "fields": {
    "pet": 19,
    "url": "https://i.ibb.co/wZcrMrpY/pexels-daigofotos-32710694.jpg",
    "delete_url": "https://ibb.co/CpPshsVW/815db0e789a9d848c193f10f06e8d48f",
    "is_primary": true,
    "uploaded_at": "2026-02-07T18:08:51.646Z"
  }
},
{
  "model": "pets.petmedia",
  "pk": 141,
  "fields": {
    "pet": 19,
    "url": "https://i.ibb.co/1YtdNsjf/pexels-nanamusic-31566539.jpg",
    "delete_url": "https://ibb.co/9mkV0wS9/c6e7ce33e1de96f7f01e26781c96212c",
    "is_primary": false,
    "uploaded_at": "2026-02-07T18:08:51.762Z"
  }
},
{
  "model": "pets.petmedia",
  "pk": 142,
  "fields": {
    "pet": 19,
    "url": "https://i.ibb.co/FT214wH/pexels-nathan-poncet-394878933-14786012.jpg",
    "delete_url": "https://ibb.co/rrYh26d/c479fa0d263765e7f628e34fbe82bbac",
    "is_primary": false,
    "uploaded_at": "2026-02-07T18:08:51.878Z"
  }
},
{
  "model": "pets.petmedia",
  "pk": 146,
  "fields": {
    "pet": 16,
    "url": "https://i.ibb.co/5gpD0DMR/pexels-622177503-33238049.jpg",
    "delete_url": "https://ibb.co/4nvyqymV/8ec10cd8d2e7a52a7c73f8903c202b57",
    "is_primary": true,
    "uploaded_at": "2026-02-07T18:09:36.151Z"
  }
},
{
  "model": "pets.petmedia",
  "pk": 147,
  "fields": {
    "pet": 16,
    "url": "https://i.ibb.co/tPXRYG11/pexels-cibelebergamim-32623335.jpg",
    "delete_url": "https://ibb.co/bRJtN0GG/a306f3c133ccfad6460842bae8be61a1",
    "is_primary": false,
    "uploaded_at": "2026-02-07T18:09:36.264Z"
  }
},
{
  "model": "pets.petmedia",
  "pk": 148,
  "fields": {
    "pet": 16,
    "url": "https://i.ibb.co/pvXLCSW3/pexels-francesco-ungaro-96938.jpg",
    "delete_url": "https://ibb.co/hR8mpSXK/142e94253d08345a1b6aaa349b59ff4a",
    "is_primary": false,
    "uploaded_at": "2026-02-07T18:09:36.376Z"
  }
},
{
  "model": "pets.personalitytrait",
  "pk": 1,
  "fields": {
    "name": "Friendly"
  }
},
{
  "model": "pets.personalitytrait",
  "pk": 2,
  "fields": {
    "name": "Energetic"
  }
},
{
  "model": "pets.personalitytrait",
  "pk": 3,
  "fields": {
    "name": "Calm"
  }
},
{
  "model": "pets.personalitytrait",
  "pk": 4,
  "fields": {
    "name": "Playful"
  }
},
{
  "model": "pets.personalitytrait",
  "pk": 5,
  "fields": {
    "name": "Affectionate"
  }
},
{
  "model": "pets.personalitytrait",
  "pk": 6,
  "fields": {
    "name": "Independent"
  }
},
{
  "model": "pets.personalitytrait",
  "pk": 7,
  "fields": {
    "name": "Loyal"
  }
},
{
  "model": "pets.personalitytrait",
  "pk": 8,
  "fields": {
    "name": "Curious"
  }
},
{
  "model": "pets.personalitytrait",
  "pk": 9,
  "fields": {
    "name": "Shy"
  }
},
{
  "model": "pets.personalitytrait",
  "pk": 10,
  "fields": {
    "name": "Adventurous"
  }
},
{
  "model": "pets.personalitytrait",
  "pk": 11,
  "fields": {
    "name": "Intelligent"
  }
},
{
  "model": "pets.personalitytrait",
  "pk": 12,
  "fields": {
    "name": "Protective"
  }
},
{
  "model": "pets.personalitytrait",
  "pk": 13,
  "fields": {
    "name": "Vocal"
  }
},
{
  "model": "pets.personalitytrait",
  "pk": 14,
  "fields": {
    "name": "Quiet"
  }
},
{
  "model": "pets.personalitytrait",
  "pk": 15,
  "fields": {
    "name": "Reactive"
  }
},
{
  "model": "pets.personalitytrait",
  "pk": 16,
  "fields": {
    "name": "Anxious"
  }
},
{
  "model": "pets.personalitytrait",
  "pk": 17,
  "fields": {
    "name": "Food Motivated"
  }
},
{
  "model": "pets.personalitytrait",
  "pk": 18,
  "fields": {
    "name": "Good with Kids"
  }
},
{
  "model": "pets.personalitytrait",
  "pk": 19,
  "fields": {
    "name": "Good with other pets"
  }
},
{
  "model": "pets.petpersonality",
  "pk": 11,
  "fields": {
    "pet": 12,
    "trait": 17
  }
},
{
  "model": "pets.petpersonality",
  "pk": 12,
  "fields": {
    "pet": 12,
    "trait": 9
  }
},
{
  "model": "pets.petpersonality",
  "pk": 13,
  "fields": {
    "pet": 12,
    "trait": 2
  }
},
{
  "model": "pets.petpersonality",
  "pk": 14,
  "fields": {
    "pet": 12,
    "trait": 6
  }
},
{
  "model": "pets.petpersonality",
  "pk": 15,
  "fields": {
    "pet": 12,
    "trait": 1
  }
},
{
  "model": "pets.petpersonality",
  "pk": 16,
  "fields": {
    "pet": 11,
    "trait": 1
  }
},
{
  "model": "pets.petpersonality",
  "pk": 17,
  "fields": {
    "pet": 11,
    "trait": 2
  }
},
{
  "model": "pets.petpersonality",
  "pk": 18,
  "fields": {
    "pet": 11,
    "trait": 3
  }
},
{
  "model": "pets.petpersonality",
  "pk": 19,
  "fields": {
    "pet": 11,
    "trait": 9
  }
},
{
  "model": "pets.petpersonality",
  "pk": 20,
  "fields": {
    "pet": 11,
    "trait": 18
  }
},
{
  "model": "pets.petpersonality",
  "pk": 21,
  "fields": {
    "pet": 10,
    "trait": 1
  }
},
{
  "model": "pets.petpersonality",
  "pk": 22,
  "fields": {
    "pet": 10,
    "trait": 4
  }
},
{
  "model": "pets.petpersonality",
  "pk": 23,
  "fields": {
    "pet": 10,
    "trait": 10
  }
},
{
  "model": "pets.petpersonality",
  "pk": 24,
  "fields": {
    "pet": 10,
    "trait": 11
  }
},
{
  "model": "pets.petpersonality",
  "pk": 25,
  "fields": {
    "pet": 10,
    "trait": 17
  }
},
{
  "model": "pets.petpersonality",
  "pk": 26,
  "fields": {
    "pet": 9,
    "trait": 1
  }
},
{
  "model": "pets.petpersonality",
  "pk": 27,
  "fields": {
    "pet": 9,
    "trait": 14
  }
},
{
  "model": "pets.petpersonality",
  "pk": 28,
  "fields": {
    "pet": 9,
    "trait": 19
  }
},
{
  "model": "pets.petpersonality",
  "pk": 29,
  "fields": {
    "pet": 9,
    "trait": 9
  }
},
{
  "model": "pets.petpersonality",
  "pk": 30,
  "fields": {
    "pet": 9,
    "trait": 8
  }
},
{
  "model": "pets.petpersonality",
  "pk": 31,
  "fields": {
    "pet": 8,
    "trait": 1
  }
},
{
  "model": "pets.petpersonality",
  "pk": 32,
  "fields": {
    "pet": 8,
    "trait": 8
  }
},
{
  "model": "pets.petpersonality",
  "pk": 33,
  "fields": {
    "pet": 8,
    "trait": 10
  }
},
{
  "model": "pets.petpersonality",
  "pk": 34,
  "fields": {
    "pet": 8,
    "trait": 12
  }
},
{
  "model": "pets.petpersonality",
  "pk": 35,
  "fields": {
    "pet": 8,
    "trait": 19
  }
},
{
  "model": "pets.petpersonality",
  "pk": 41,
  "fields": {
    "pet": 6,
    "trait": 9
  }
},
{
  "model": "pets.petpersonality",
  "pk": 42,
  "fields": {
    "pet": 6,
    "trait": 5
  }
},
{
  "model": "pets.petpersonality",
  "pk": 43,
  "fields": {
    "pet": 6,
    "trait": 1
  }
},
{
  "model": "pets.petpersonality",
  "pk": 44,
  "fields": {
    "pet": 6,
    "trait": 11
  }
},
{
  "model": "pets.petpersonality",
  "pk": 45,
  "fields": {
    "pet": 6,
    "trait": 16
  }
},
{
  "model": "pets.petpersonality",
  "pk": 46,
  "fields": {
    "pet": 5,
    "trait": 2
  }
},
{
  "model": "pets.petpersonality",
  "pk": 47,
  "fields": {
    "pet": 5,
    "trait": 4
  }
},
{
  "model": "pets.petpersonality",
  "pk": 48,
  "fields": {
    "pet": 5,
    "trait": 8
  }
},
{
  "model": "pets.petpersonality",
  "pk": 49,
  "fields": {
    "pet": 5,
    "trait": 11
  }
},
{
  "model": "pets.petpersonality",
  "pk": 50,
  "fields": {
    "pet": 5,
    "trait": 14
  }
},
{
  "model": "pets.petpersonality",
  "pk": 51,
  "fields": {
    "pet": 4,
    "trait": 6
  }
},
{
  "model": "pets.petpersonality",
  "pk": 52,
  "fields": {
    "pet": 4,
    "trait": 1
  }
},
{
  "model": "pets.petpersonality",
  "pk": 53,
  "fields": {
    "pet": 4,
    "trait": 4
  }
},
{
  "model": "pets.petpersonality",
  "pk": 54,
  "fields": {
    "pet": 4,
    "trait": 9
  }
},
{
  "model": "pets.petpersonality",
  "pk": 55,
  "fields": {
    "pet": 4,
    "trait": 14
  }
},
{
  "model": "pets.petpersonality",
  "pk": 56,
  "fields": {
    "pet": 3,
    "trait": 6
  }
},
{
  "model": "pets.petpersonality",
  "pk": 57,
  "fields": {
    "pet": 3,
    "trait": 1
  }
},
{
  "model": "pets.petpersonality",
  "pk": 58,
  "fields": {
    "pet": 3,
    "trait": 3
  }
},
{
  "model": "pets.petpersonality",
  "pk": 59,
  "fields": {
    "pet": 3,
    "trait": 19
  }
},
{
  "model": "pets.petpersonality",
  "pk": 60,
  "fields": {
    "pet": 3,
    "trait": 17
  }
},
{
  "model": "pets.petpersonality",
  "pk": 61,
  "fields": {
    "pet": 7,
    "trait": 12
  }
},
{
  "model": "pets.petpersonality",
  "pk": 62,
  "fields": {
    "pet": 7,
    "trait": 6
  }
},
{
  "model": "pets.petpersonality",
  "pk": 63,
  "fields": {
    "pet": 7,
    "trait": 5
  }
},
{
  "model": "pets.petpersonality",
  "pk": 64,
  "fields": {
    "pet": 7,
    "trait": 1
  }
},
{
  "model": "pets.petpersonality",
  "pk": 65,
  "fields": {
    "pet": 7,
    "trait": 17
  }
},
{
  "model": "pets.petpersonality",
  "pk": 66,
  "fields": {
    "pet": 33,
    "trait": 7
  }
},
{
  "model": "pets.petpersonality",
  "pk": 67,
  "fields": {
    "pet": 33,
    "trait": 13
  }
},
{
  "model": "pets.petpersonality",
  "pk": 68,
  "fields": {
    "pet": 33,
    "trait": 4
  }
},
{
  "model": "pets.petpersonality",
  "pk": 69,
  "fields": {
    "pet": 33,
    "trait": 11
  }
},
{
  "model": "pets.petpersonality",
  "pk": 70,
  "fields": {
    "pet": 33,
    "trait": 15
  }
},
{
  "model": "pets.petpersonality",
  "pk": 71,
  "fields": {
    "pet": 34,
    "trait": 7
  }
},
{
  "model": "pets.petpersonality",
  "pk": 72,
  "fields": {
    "pet": 34,
    "trait": 1
  }
},
{
  "model": "pets.petpersonality",
  "pk": 73,
  "fields": {
    "pet": 34,
    "trait": 13
  }
},
{
  "model": "pets.petpersonality",
  "pk": 74,
  "fields": {
    "pet": 34,
    "trait": 17
  }
},
{
  "model": "pets.petpersonality",
  "pk": 75,
  "fields": {
    "pet": 34,
    "trait": 10
  }
},
{
  "model": "pets.petpersonality",
  "pk": 76,
  "fields": {
    "pet": 35,
    "trait": 12
  }
},
{
  "model": "pets.petpersonality",
  "pk": 77,
  "fields": {
    "pet": 35,
    "trait": 13
  }
},
{
  "model": "pets.petpersonality",
  "pk": 78,
  "fields": {
    "pet": 35,
    "trait": 2
  }
},
{
  "model": "pets.petpersonality",
  "pk": 79,
  "fields": {
    "pet": 35,
    "trait": 11
  }
},
{
  "model": "pets.petpersonality",
  "pk": 80,
  "fields": {
    "pet": 35,
    "trait": 5
  }
},
{
  "model": "pets.petpersonality",
  "pk": 81,
  "fields": {
    "pet": 22,
    "trait": 1
  }
},
{
  "model": "pets.petpersonality",
  "pk": 82,
  "fields": {
    "pet": 22,
    "trait": 8
  }
},
{
  "model": "pets.petpersonality",
  "pk": 83,
  "fields": {
    "pet": 22,
    "trait": 5
  }
},
{
  "model": "pets.petpersonality",
  "pk": 84,
  "fields": {
    "pet": 22,
    "trait": 16
  }
},
{
  "model": "pets.petpersonality",
  "pk": 85,
  "fields": {
    "pet": 22,
    "trait": 19
  }
},
{
  "model": "pets.petpersonality",
  "pk": 86,
  "fields": {
    "pet": 21,
    "trait": 1
  }
},
{
  "model": "pets.petpersonality",
  "pk": 87,
  "fields": {
    "pet": 21,
    "trait": 4
  }
},
{
  "model": "pets.petpersonality",
  "pk": 88,
  "fields": {
    "pet": 21,
    "trait": 7
  }
},
{
  "model": "pets.petpersonality",
  "pk": 89,
  "fields": {
    "pet": 21,
    "trait": 16
  }
},
{
  "model": "pets.petpersonality",
  "pk": 90,
  "fields": {
    "pet": 21,
    "trait": 15
  }
},
{
  "model": "pets.petpersonality",
  "pk": 91,
  "fields": {
    "pet": 15,
    "trait": 13
  }
},
{
  "model": "pets.petpersonality",
  "pk": 92,
  "fields": {
    "pet": 15,
    "trait": 8
  }
},
{
  "model": "pets.petpersonality",
  "pk": 93,
  "fields": {
    "pet": 15,
    "trait": 7
  }
},
{
  "model": "pets.petpersonality",
  "pk": 94,
  "fields": {
    "pet": 15,
    "trait": 16
  }
},
{
  "model": "pets.petpersonality",
  "pk": 95,
  "fields": {
    "pet": 15,
    "trait": 19
  }
},
{
  "model": "pets.petpersonality",
  "pk": 96,
  "fields": {
    "pet": 18,
    "trait": 11
  }
},
{
  "model": "pets.petpersonality",
  "pk": 97,
  "fields": {
    "pet": 18,
    "trait": 7
  }
},
{
  "model": "pets.petpersonality",
  "pk": 98,
  "fields": {
    "pet": 18,
    "trait": 4
  }
},
{
  "model": "pets.petpersonality",
  "pk": 99,
  "fields": {
    "pet": 18,
    "trait": 15
  }
},
{
  "model": "pets.petpersonality",
  "pk": 100,
  "fields": {
    "pet": 18,
    "trait": 19
  }
},
{
  "model": "pets.petpersonality",
  "pk": 101,
  "fields": {
    "pet": 20,
    "trait": 11
  }
},
{
  "model": "pets.petpersonality",
  "pk": 102,
  "fields": {
    "pet": 20,
    "trait": 1
  }
},
{
  "model": "pets.petpersonality",
  "pk": 103,
  "fields": {
    "pet": 20,
    "trait": 8
  }
},
{
  "model": "pets.petpersonality",
  "pk": 104,
  "fields": {
    "pet": 20,
    "trait": 18
  }
},
{
  "model": "pets.petpersonality",
  "pk": 105,
  "fields": {
    "pet": 20,
    "trait": 17
  }
},
{
  "model": "pets.petpersonality",
  "pk": 106,
  "fields": {
    "pet": 14,
    "trait": 17
  }
},
{
  "model": "pets.petpersonality",
  "pk": 107,
  "fields": {
    "pet": 14,
    "trait": 12
  }
},
{
  "model": "pets.petpersonality",
  "pk": 108,
  "fields": {
    "pet": 14,
    "trait": 6
  }
},
{
  "model": "pets.petpersonality",
  "pk": 109,
  "fields": {
    "pet": 14,
    "trait": 1
  }
},
{
  "model": "pets.petpersonality",
  "pk": 110,
  "fields": {
    "pet": 14,
    "trait": 8
  }
},
{
  "model": "pets.petpersonality",
  "pk": 111,
  "fields": {
    "pet": 17,
    "trait": 17
  }
},
{
  "model": "pets.petpersonality",
  "pk": 112,
  "fields": {
    "pet": 17,
    "trait": 7
  }
},
{
  "model": "pets.petpersonality",
  "pk": 113,
  "fields": {
    "pet": 17,
    "trait": 1
  }
},
{
  "model": "pets.petpersonality",
  "pk": 114,
  "fields": {
    "pet": 17,
    "trait": 4
  }
},
{
  "model": "pets.petpersonality",
  "pk": 115,
  "fields": {
    "pet": 17,
    "trait": 10
  }
},
{
  "model": "pets.petpersonality",
  "pk": 116,
  "fields": {
    "pet": 19,
    "trait": 12
  }
},
{
  "model": "pets.petpersonality",
  "pk": 117,
  "fields": {
    "pet": 19,
    "trait": 6
  }
},
{
  "model": "pets.petpersonality",
  "pk": 118,
  "fields": {
    "pet": 19,
    "trait": 5
  }
},
{
  "model": "pets.petpersonality",
  "pk": 119,
  "fields": {
    "pet": 19,
    "trait": 15
  }
},
{
  "model": "pets.petpersonality",
  "pk": 120,
  "fields": {
    "pet": 19,
    "trait": 17
  }
},
{
  "model": "pets.petpersonality",
  "pk": 121,
  "fields": {
    "pet": 16,
    "trait": 7
  }
},
{
  "model": "pets.petpersonality",
  "pk": 122,
  "fields": {
    "pet": 16,
    "trait": 11
  }
},
{
  "model": "pets.petpersonality",
  "pk": 123,
  "fields": {
    "pet": 16,
    "trait": 4
  }
},
{
  "model": "pets.petpersonality",
  "pk": 124,
  "fields": {
    "pet": 16,
    "trait": 19
  }
},
{
  "model": "pets.petpersonality",
  "pk": 125,
  "fields": {
    "pet": 16,
    "trait": 16
  }
},
{
  "model": "rehoming.rehomingrequest",
  "pk": 1,
  "fields": {
    "pet": 35,
    "owner": 12,
    "terms_accepted": true,
    "terms_accepted_at": null,
    "terms_version": "1.0",
    "reason": "Due to a recent change in housing arrangements, pets are no longer permitted, making it impossible to keep the pet long-term.",
    "urgency": "immediate",
    "ideal_home_notes": "A calm, caring home where the pet will receive consistent attention, affection, and long-term commitment.",
    "location_city": "Dhaka",
    "location_state": "Dhaka Division",
    "location_zip": "",
    "latitude": "23.801483",
    "longitude": "90.368960",
    "status": "listed",
    "confirmed_at": "2026-02-07T17:44:18.946Z",
    "cancelled_at": null,
    "cancellation_reason": "",
    "created_at": "2026-02-07T17:44:18.946Z",
    "updated_at": "2026-02-07T17:44:19.867Z",
    "owner_profile_complete": false,
    "pet_profile_complete": false
  }
},
{
  "model": "rehoming.rehomingrequest",
  "pk": 2,
  "fields": {
    "pet": 7,
    "owner": 12,
    "terms_accepted": true,
    "terms_accepted_at": null,
    "terms_version": "1.0",
    "reason": "Time Constraints\nIncreasing work or family responsibilities have reduced the time needed to properly care for the pets daily needs.",
    "urgency": "soon",
    "ideal_home_notes": "Responsible Pet Owner\nAn owner who understands the responsibilities of pet care, including regular feeding, exercise, grooming, and veterinary visits.",
    "location_city": "Brahmanbaria",
    "location_state": "Chattogram Division",
    "location_zip": "",
    "latitude": "23.969145",
    "longitude": "91.110455",
    "status": "listed",
    "confirmed_at": "2026-02-07T17:45:44.243Z",
    "cancelled_at": null,
    "cancellation_reason": "",
    "created_at": "2026-02-07T17:45:44.243Z",
    "updated_at": "2026-02-07T17:45:45.154Z",
    "owner_profile_complete": false,
    "pet_profile_complete": false
  }
},
{
  "model": "rehoming.rehomingrequest",
  "pk": 3,
  "fields": {
    "pet": 6,
    "owner": 12,
    "terms_accepted": true,
    "terms_accepted_at": null,
    "terms_version": "1.0",
    "reason": "A health condition in the household has made it difficult to continue providing appropriate care.",
    "urgency": "flexible",
    "ideal_home_notes": "A secure indoor or outdoor environment that protects the pet from harm and provides enough space to move comfortably.",
    "location_city": "Dhaka",
    "location_state": "Dhaka Division",
    "location_zip": "",
    "latitude": "23.839207",
    "longitude": "90.359631",
    "status": "listed",
    "confirmed_at": "2026-02-07T17:52:44.647Z",
    "cancelled_at": null,
    "cancellation_reason": "",
    "created_at": "2026-02-07T17:52:44.648Z",
    "updated_at": "2026-02-07T17:52:45.542Z",
    "owner_profile_complete": false,
    "pet_profile_complete": false
  }
},
{
  "model": "rehoming.rehomingrequest",
  "pk": 4,
  "fields": {
    "pet": 4,
    "owner": 12,
    "terms_accepted": true,
    "terms_accepted_at": null,
    "terms_version": "1.0",
    "reason": "Rising costs related to veterinary care, food, and maintenance can no longer be sustainably managed.",
    "urgency": "immediate",
    "ideal_home_notes": "Someone who can dedicate time to help the pet adjust to a new home and build trust gradually.",
    "location_city": "Dhaka",
    "location_state": "Dhaka Division",
    "location_zip": "",
    "latitude": "23.801483",
    "longitude": "90.368960",
    "status": "listed",
    "confirmed_at": "2026-02-07T17:54:05.259Z",
    "cancelled_at": null,
    "cancellation_reason": "",
    "created_at": "2026-02-07T17:54:05.259Z",
    "updated_at": "2026-02-07T17:54:06.198Z",
    "owner_profile_complete": false,
    "pet_profile_complete": false
  }
},
{
  "model": "rehoming.rehomingrequest",
  "pk": 5,
  "fields": {
    "pet": 33,
    "owner": 12,
    "terms_accepted": true,
    "terms_accepted_at": null,
    "terms_version": "1.0",
    "reason": "A household prepared to care for the pet throughout its lifetime, including medical needs and behavioral training if required.",
    "urgency": "soon",
    "ideal_home_notes": "An owner who understands the responsibilities of pet care, including regular feeding, exercise, grooming, and veterinary visits.",
    "location_city": "Dubai",
    "location_state": "Dubai",
    "location_zip": "",
    "latitude": "25.229634",
    "longitude": "55.289585",
    "status": "listed",
    "confirmed_at": "2026-02-07T17:55:24.169Z",
    "cancelled_at": null,
    "cancellation_reason": "",
    "created_at": "2026-02-07T17:55:24.169Z",
    "updated_at": "2026-02-07T17:55:25.136Z",
    "owner_profile_complete": false,
    "pet_profile_complete": false
  }
},
{
  "model": "rehoming.rehomingrequest",
  "pk": 6,
  "fields": {
    "pet": 9,
    "owner": 12,
    "terms_accepted": true,
    "terms_accepted_at": null,
    "terms_version": "1.0",
    "reason": "Increasing work or family responsibilities have reduced the time needed to properly care for the pets daily needs.",
    "urgency": "immediate",
    "ideal_home_notes": "A household prepared to care for the pet throughout its lifetime, including medical needs and behavioral training if required.",
    "location_city": "Chiyoda",
    "location_state": "Tokyo",
    "location_zip": "",
    "latitude": "35.676860",
    "longitude": "139.763895",
    "status": "listed",
    "confirmed_at": "2026-02-07T17:57:00.688Z",
    "cancelled_at": null,
    "cancellation_reason": "",
    "created_at": "2026-02-07T17:57:00.688Z",
    "updated_at": "2026-02-07T17:57:01.631Z",
    "owner_profile_complete": false,
    "pet_profile_complete": false
  }
},
{
  "model": "rehoming.rehomingrequest",
  "pk": 7,
  "fields": {
    "pet": 22,
    "owner": 14,
    "terms_accepted": true,
    "terms_accepted_at": null,
    "terms_version": "1.0",
    "reason": "Due to a recent change in housing arrangements, pets are no longer permitted, making it impossible to keep the pet long-term.",
    "urgency": "immediate",
    "ideal_home_notes": "A secure indoor or outdoor environment that protects the pet from harm and provides enough space to move comfortably.",
    "location_city": "Rangamati",
    "location_state": "Chattogram Division",
    "location_zip": "",
    "latitude": "22.651401",
    "longitude": "92.182846",
    "status": "listed",
    "confirmed_at": "2026-02-07T18:13:11.131Z",
    "cancelled_at": null,
    "cancellation_reason": "",
    "created_at": "2026-02-07T18:13:11.132Z",
    "updated_at": "2026-02-07T18:13:12.012Z",
    "owner_profile_complete": false,
    "pet_profile_complete": false
  }
},
{
  "model": "rehoming.rehomingrequest",
  "pk": 8,
  "fields": {
    "pet": 21,
    "owner": 14,
    "terms_accepted": true,
    "terms_accepted_at": null,
    "terms_version": "1.0",
    "reason": "The pet is not adapting well to the current household environment, including interactions with other pets or family members.",
    "urgency": "soon",
    "ideal_home_notes": "Someone who can dedicate time to help the pet adjust to a new home and build trust gradually.",
    "location_city": "Kolkata",
    "location_state": "West Bengal",
    "location_zip": "",
    "latitude": "22.572008",
    "longitude": "88.362865",
    "status": "listed",
    "confirmed_at": "2026-02-07T18:14:01.834Z",
    "cancelled_at": null,
    "cancellation_reason": "",
    "created_at": "2026-02-07T18:14:01.834Z",
    "updated_at": "2026-02-07T18:14:02.689Z",
    "owner_profile_complete": false,
    "pet_profile_complete": false
  }
},
{
  "model": "rehoming.rehomingrequest",
  "pk": 9,
  "fields": {
    "pet": 20,
    "owner": 14,
    "terms_accepted": true,
    "terms_accepted_at": null,
    "terms_version": "1.0",
    "reason": "Rising costs related to veterinary care, food, and maintenance can no longer be sustainably managed.",
    "urgency": "flexible",
    "ideal_home_notes": "An owner who understands the responsibilities of pet care, including regular feeding, exercise, grooming, and veterinary visits.",
    "location_city": "Dhaka",
    "location_state": "Dhaka Division",
    "location_zip": "",
    "latitude": "23.801483",
    "longitude": "90.368960",
    "status": "listed",
    "confirmed_at": "2026-02-07T18:14:58.408Z",
    "cancelled_at": null,
    "cancellation_reason": "",
    "created_at": "2026-02-07T18:14:58.408Z",
    "updated_at": "2026-02-07T18:14:59.316Z",
    "owner_profile_complete": false,
    "pet_profile_complete": false
  }
},
{
  "model": "rehoming.rehomingrequest",
  "pk": 10,
  "fields": {
    "pet": 19,
    "owner": 14,
    "terms_accepted": true,
    "terms_accepted_at": null,
    "terms_version": "1.0",
    "reason": "Due to a recent change in housing arrangements, pets are no longer permitted, making it impossible to keep the pet long-term.",
    "urgency": "immediate",
    "ideal_home_notes": "Someone who can dedicate time to help the pet adjust to a new home and build trust gradually.",
    "location_city": "Satmera Union",
    "location_state": "Rangpur Division",
    "location_zip": "",
    "latitude": "26.450858",
    "longitude": "88.527832",
    "status": "listed",
    "confirmed_at": "2026-02-07T18:15:54.930Z",
    "cancelled_at": null,
    "cancellation_reason": "",
    "created_at": "2026-02-07T18:15:54.931Z",
    "updated_at": "2026-02-07T18:15:55.787Z",
    "owner_profile_complete": false,
    "pet_profile_complete": false
  }
},
{
  "model": "rehoming.rehomingrequest",
  "pk": 11,
  "fields": {
    "pet": 15,
    "owner": 14,
    "terms_accepted": true,
    "terms_accepted_at": null,
    "terms_version": "1.0",
    "reason": "The pet is not adapting well to the current household environment, including interactions with other pets or family members.",
    "urgency": "soon",
    "ideal_home_notes": "A calm, caring home where the pet will receive consistent attention, affection, and long-term commitment.",
    "location_city": "Gafargaon",
    "location_state": "Mymensingh Division",
    "location_zip": "",
    "latitude": "24.463387",
    "longitude": "90.546570",
    "status": "listed",
    "confirmed_at": "2026-02-07T18:16:36.749Z",
    "cancelled_at": null,
    "cancellation_reason": "",
    "created_at": "2026-02-07T18:16:36.749Z",
    "updated_at": "2026-02-07T18:16:37.636Z",
    "owner_profile_complete": false,
    "pet_profile_complete": false
  }
},
{
  "model": "rehoming.rehomingrequest",
  "pk": 12,
  "fields": {
    "pet": 18,
    "owner": 14,
    "terms_accepted": true,
    "terms_accepted_at": null,
    "terms_version": "1.0",
    "reason": "A health condition in the household has made it difficult to continue providing appropriate care.",
    "urgency": "flexible",
    "ideal_home_notes": "A secure indoor or outdoor environment that protects the pet from harm and provides enough space to move comfortably.",
    "location_city": "Dhaka",
    "location_state": "Dhaka Division",
    "location_zip": "",
    "latitude": "23.801483",
    "longitude": "90.368960",
    "status": "listed",
    "confirmed_at": "2026-02-07T18:17:13.391Z",
    "cancelled_at": null,
    "cancellation_reason": "",
    "created_at": "2026-02-07T18:17:13.392Z",
    "updated_at": "2026-02-07T18:17:14.296Z",
    "owner_profile_complete": false,
    "pet_profile_complete": false
  }
},
{
  "model": "rehoming.rehomingrequest",
  "pk": 13,
  "fields": {
    "pet": 16,
    "owner": 14,
    "terms_accepted": true,
    "terms_accepted_at": null,
    "terms_version": "1.0",
    "reason": "Rising costs related to veterinary care, food, and maintenance can no longer be sustainably managed.",
    "urgency": "flexible",
    "ideal_home_notes": "An owner who understands the responsibilities of pet care, including regular feeding, exercise, grooming, and veterinary visits.",
    "location_city": "Feni",
    "location_state": "Chattogram Division",
    "location_zip": "",
    "latitude": "23.000744",
    "longitude": "91.393204",
    "status": "listed",
    "confirmed_at": "2026-02-07T18:18:07.426Z",
    "cancelled_at": null,
    "cancellation_reason": "",
    "created_at": "2026-02-07T18:18:07.426Z",
    "updated_at": "2026-02-07T18:18:08.305Z",
    "owner_profile_complete": false,
    "pet_profile_complete": false
  }
},
{
  "model": "rehoming.rehominglisting",
  "pk": 1,
  "fields": {
    "request": 1,
    "pet": 35,
    "owner": 12,
    "reason": "Due to a recent change in housing arrangements, pets are no longer permitted, making it impossible to keep the pet long-term.",
    "urgency": "immediate",
    "ideal_home_notes": "A calm, caring home where the pet will receive consistent attention, affection, and long-term commitment.",
    "location_city": "Dhaka",
    "location_state": "Dhaka Division",
    "location_zip": "",
    "latitude": "23.801483",
    "longitude": "90.368960",
    "status": "active",
    "view_count": 0,
    "inquiry_count": 0,
    "published_at": "2026-02-07T17:44:19.810Z",
    "paused_at": null,
    "closed_at": null,
    "rehomed_at": null,
    "created_at": "2026-02-07T17:44:19.810Z",
    "updated_at": "2026-02-07T17:44:19.810Z"
  }
},
{
  "model": "rehoming.rehominglisting",
  "pk": 2,
  "fields": {
    "request": 2,
    "pet": 7,
    "owner": 12,
    "reason": "Time Constraints\nIncreasing work or family responsibilities have reduced the time needed to properly care for the pets daily needs.",
    "urgency": "soon",
    "ideal_home_notes": "Responsible Pet Owner\nAn owner who understands the responsibilities of pet care, including regular feeding, exercise, grooming, and veterinary visits.",
    "location_city": "Brahmanbaria",
    "location_state": "Chattogram Division",
    "location_zip": "",
    "latitude": "23.969145",
    "longitude": "91.110455",
    "status": "active",
    "view_count": 0,
    "inquiry_count": 0,
    "published_at": "2026-02-07T17:45:45.111Z",
    "paused_at": null,
    "closed_at": null,
    "rehomed_at": null,
    "created_at": "2026-02-07T17:45:45.111Z",
    "updated_at": "2026-02-07T17:45:45.111Z"
  }
},
{
  "model": "rehoming.rehominglisting",
  "pk": 3,
  "fields": {
    "request": 3,
    "pet": 6,
    "owner": 12,
    "reason": "A health condition in the household has made it difficult to continue providing appropriate care.",
    "urgency": "flexible",
    "ideal_home_notes": "A secure indoor or outdoor environment that protects the pet from harm and provides enough space to move comfortably.",
    "location_city": "Dhaka",
    "location_state": "Dhaka Division",
    "location_zip": "",
    "latitude": "23.839207",
    "longitude": "90.359631",
    "status": "active",
    "view_count": 0,
    "inquiry_count": 0,
    "published_at": "2026-02-07T17:52:45.499Z",
    "paused_at": null,
    "closed_at": null,
    "rehomed_at": null,
    "created_at": "2026-02-07T17:52:45.499Z",
    "updated_at": "2026-02-07T17:52:45.499Z"
  }
},
{
  "model": "rehoming.rehominglisting",
  "pk": 4,
  "fields": {
    "request": 4,
    "pet": 4,
    "owner": 12,
    "reason": "Rising costs related to veterinary care, food, and maintenance can no longer be sustainably managed.",
    "urgency": "immediate",
    "ideal_home_notes": "Someone who can dedicate time to help the pet adjust to a new home and build trust gradually.",
    "location_city": "Dhaka",
    "location_state": "Dhaka Division",
    "location_zip": "",
    "latitude": "23.801483",
    "longitude": "90.368960",
    "status": "active",
    "view_count": 0,
    "inquiry_count": 0,
    "published_at": "2026-02-07T17:54:06.152Z",
    "paused_at": null,
    "closed_at": null,
    "rehomed_at": null,
    "created_at": "2026-02-07T17:54:06.152Z",
    "updated_at": "2026-02-07T17:54:06.152Z"
  }
},
{
  "model": "rehoming.rehominglisting",
  "pk": 5,
  "fields": {
    "request": 5,
    "pet": 33,
    "owner": 12,
    "reason": "A household prepared to care for the pet throughout its lifetime, including medical needs and behavioral training if required.",
    "urgency": "soon",
    "ideal_home_notes": "An owner who understands the responsibilities of pet care, including regular feeding, exercise, grooming, and veterinary visits.",
    "location_city": "Dubai",
    "location_state": "Dubai",
    "location_zip": "",
    "latitude": "25.229634",
    "longitude": "55.289585",
    "status": "active",
    "view_count": 0,
    "inquiry_count": 0,
    "published_at": "2026-02-07T17:55:25.088Z",
    "paused_at": null,
    "closed_at": null,
    "rehomed_at": null,
    "created_at": "2026-02-07T17:55:25.088Z",
    "updated_at": "2026-02-07T17:55:25.088Z"
  }
},
{
  "model": "rehoming.rehominglisting",
  "pk": 6,
  "fields": {
    "request": 6,
    "pet": 9,
    "owner": 12,
    "reason": "Increasing work or family responsibilities have reduced the time needed to properly care for the pets daily needs.",
    "urgency": "immediate",
    "ideal_home_notes": "A household prepared to care for the pet throughout its lifetime, including medical needs and behavioral training if required.",
    "location_city": "Chiyoda",
    "location_state": "Tokyo",
    "location_zip": "",
    "latitude": "35.676860",
    "longitude": "139.763895",
    "status": "active",
    "view_count": 0,
    "inquiry_count": 0,
    "published_at": "2026-02-07T17:57:01.585Z",
    "paused_at": null,
    "closed_at": null,
    "rehomed_at": null,
    "created_at": "2026-02-07T17:57:01.585Z",
    "updated_at": "2026-02-07T17:57:01.585Z"
  }
},
{
  "model": "rehoming.rehominglisting",
  "pk": 7,
  "fields": {
    "request": 7,
    "pet": 22,
    "owner": 14,
    "reason": "Due to a recent change in housing arrangements, pets are no longer permitted, making it impossible to keep the pet long-term.",
    "urgency": "immediate",
    "ideal_home_notes": "A secure indoor or outdoor environment that protects the pet from harm and provides enough space to move comfortably.",
    "location_city": "Rangamati",
    "location_state": "Chattogram Division",
    "location_zip": "",
    "latitude": "22.651401",
    "longitude": "92.182846",
    "status": "active",
    "view_count": 0,
    "inquiry_count": 0,
    "published_at": "2026-02-07T18:13:11.962Z",
    "paused_at": null,
    "closed_at": null,
    "rehomed_at": null,
    "created_at": "2026-02-07T18:13:11.962Z",
    "updated_at": "2026-02-07T18:13:11.962Z"
  }
},
{
  "model": "rehoming.rehominglisting",
  "pk": 8,
  "fields": {
    "request": 8,
    "pet": 21,
    "owner": 14,
    "reason": "The pet is not adapting well to the current household environment, including interactions with other pets or family members.",
    "urgency": "soon",
    "ideal_home_notes": "Someone who can dedicate time to help the pet adjust to a new home and build trust gradually.",
    "location_city": "Kolkata",
    "location_state": "West Bengal",
    "location_zip": "",
    "latitude": "22.572008",
    "longitude": "88.362865",
    "status": "active",
    "view_count": 0,
    "inquiry_count": 0,
    "published_at": "2026-02-07T18:14:02.646Z",
    "paused_at": null,
    "closed_at": null,
    "rehomed_at": null,
    "created_at": "2026-02-07T18:14:02.646Z",
    "updated_at": "2026-02-07T18:14:02.646Z"
  }
},
{
  "model": "rehoming.rehominglisting",
  "pk": 9,
  "fields": {
    "request": 9,
    "pet": 20,
    "owner": 14,
    "reason": "Rising costs related to veterinary care, food, and maintenance can no longer be sustainably managed.",
    "urgency": "flexible",
    "ideal_home_notes": "An owner who understands the responsibilities of pet care, including regular feeding, exercise, grooming, and veterinary visits.",
    "location_city": "Dhaka",
    "location_state": "Dhaka Division",
    "location_zip": "",
    "latitude": "23.801483",
    "longitude": "90.368960",
    "status": "active",
    "view_count": 0,
    "inquiry_count": 0,
    "published_at": "2026-02-07T18:14:59.270Z",
    "paused_at": null,
    "closed_at": null,
    "rehomed_at": null,
    "created_at": "2026-02-07T18:14:59.270Z",
    "updated_at": "2026-02-07T18:14:59.270Z"
  }
},
{
  "model": "rehoming.rehominglisting",
  "pk": 10,
  "fields": {
    "request": 10,
    "pet": 19,
    "owner": 14,
    "reason": "Due to a recent change in housing arrangements, pets are no longer permitted, making it impossible to keep the pet long-term.",
    "urgency": "immediate",
    "ideal_home_notes": "Someone who can dedicate time to help the pet adjust to a new home and build trust gradually.",
    "location_city": "Satmera Union",
    "location_state": "Rangpur Division",
    "location_zip": "",
    "latitude": "26.450858",
    "longitude": "88.527832",
    "status": "active",
    "view_count": 0,
    "inquiry_count": 0,
    "published_at": "2026-02-07T18:15:55.744Z",
    "paused_at": null,
    "closed_at": null,
    "rehomed_at": null,
    "created_at": "2026-02-07T18:15:55.744Z",
    "updated_at": "2026-02-07T18:15:55.744Z"
  }
},
{
  "model": "rehoming.rehominglisting",
  "pk": 11,
  "fields": {
    "request": 11,
    "pet": 15,
    "owner": 14,
    "reason": "The pet is not adapting well to the current household environment, including interactions with other pets or family members.",
    "urgency": "soon",
    "ideal_home_notes": "A calm, caring home where the pet will receive consistent attention, affection, and long-term commitment.",
    "location_city": "Gafargaon",
    "location_state": "Mymensingh Division",
    "location_zip": "",
    "latitude": "24.463387",
    "longitude": "90.546570",
    "status": "active",
    "view_count": 0,
    "inquiry_count": 0,
    "published_at": "2026-02-07T18:16:37.591Z",
    "paused_at": null,
    "closed_at": null,
    "rehomed_at": null,
    "created_at": "2026-02-07T18:16:37.591Z",
    "updated_at": "2026-02-07T18:16:37.591Z"
  }
},
{
  "model": "rehoming.rehominglisting",
  "pk": 12,
  "fields": {
    "request": 12,
    "pet": 18,
    "owner": 14,
    "reason": "A health condition in the household has made it difficult to continue providing appropriate care.",
    "urgency": "flexible",
    "ideal_home_notes": "A secure indoor or outdoor environment that protects the pet from harm and provides enough space to move comfortably.",
    "location_city": "Dhaka",
    "location_state": "Dhaka Division",
    "location_zip": "",
    "latitude": "23.801483",
    "longitude": "90.368960",
    "status": "active",
    "view_count": 0,
    "inquiry_count": 0,
    "published_at": "2026-02-07T18:17:14.251Z",
    "paused_at": null,
    "closed_at": null,
    "rehomed_at": null,
    "created_at": "2026-02-07T18:17:14.251Z",
    "updated_at": "2026-02-07T18:17:14.251Z"
  }
},
{
  "model": "rehoming.rehominglisting",
  "pk": 13,
  "fields": {
    "request": 13,
    "pet": 16,
    "owner": 14,
    "reason": "Rising costs related to veterinary care, food, and maintenance can no longer be sustainably managed.",
    "urgency": "flexible",
    "ideal_home_notes": "An owner who understands the responsibilities of pet care, including regular feeding, exercise, grooming, and veterinary visits.",
    "location_city": "Feni",
    "location_state": "Chattogram Division",
    "location_zip": "",
    "latitude": "23.000744",
    "longitude": "91.393204",
    "status": "active",
    "view_count": 0,
    "inquiry_count": 0,
    "published_at": "2026-02-07T18:18:08.263Z",
    "paused_at": null,
    "closed_at": null,
    "rehomed_at": null,
    "created_at": "2026-02-07T18:18:08.263Z",
    "updated_at": "2026-02-07T18:18:08.263Z"
  }
},
{
  "model": "rehoming.adoptioninquiry",
  "pk": 1,
  "fields": {
    "listing": 13,
    "requester": 12,
    "message": "Dear Shahin,\n\nMy family and I were absolutely captivated by Luna, your beautiful British Shorthair. Her gentle demeanor truly stands out, and we believe she would be a wonderful, cherished addition to our household.\n\nWe live in a comfortable, owned townhouse that offers a safe and secure indoor environment, perfectly suited for a cat like Luna who will thrive without needing outdoor access. Our home, bustling with two adults and three children, is always full of warmth and companionship, ensuring Luna would receive endless attention and affection.\n\nWe have a beloved family dog, whom we often affectionately refer to as our \"third child,\" demonstrating our deep commitment and experience in integrating pets as cherished members of our family. We understand the profound joy and responsibility of providing a forever home.\n\nAs the primary caregiver, Ive outlined a comprehensive daily plan to ensure Luna's well-being. From fresh food and water, health checks, and a clean litter box in the morning, to midday enrichment and playtime, afternoon grooming and bonding, and a peaceful evening routine culminating in a secure nights rest  Luna would receive consistent, attentive care. She would rarely be alone for more than two hours, guaranteeing constant companionship and engagement throughout her day.\n\nWe are genuinely excited about the possibility of welcoming Luna into our family and providing her with a lifetime of love and stability. We would be thrilled to discuss our application further and arrange a visit at your convenience.\n\nWarmly,\n\nRocky",
    "status": "pending_review",
    "owner_notes": null,
    "rejection_reason": null,
    "match_percentage": 75,
    "ai_processed": true,
    "created_at": "2026-02-08T17:22:42.544Z",
    "updated_at": "2026-02-08T17:22:52.807Z"
  }
},
{
  "model": "rehoming.adoptioninquiry",
  "pk": 2,
  "fields": {
    "listing": 7,
    "requester": 12,
    "message": "Hey Shahin,\nI'm very excited to let you know that I just saw Nala's profile and I loved it. I'm very much interested to adopt Nala.\n\nLet meet and discuss about future steps.\n\nYours,\nRocky",
    "status": "pending_review",
    "owner_notes": null,
    "rejection_reason": null,
    "match_percentage": 45,
    "ai_processed": true,
    "created_at": "2026-02-09T13:00:05.922Z",
    "updated_at": "2026-02-09T15:29:04.415Z"
  }
},
{
  "model": "rehoming.adoptioninquiry",
  "pk": 3,
  "fields": {
    "listing": 9,
    "requester": 12,
    "message": "Hey Shahin,\nI'm very excited to let you know that I just saw Simba's profile and I loved it. I'm very much interested to adopt Simba.\n\nLet meet and discuss about future steps.\n\nYours,\nRocky",
    "status": "pending_review",
    "owner_notes": null,
    "rejection_reason": null,
    "match_percentage": 50,
    "ai_processed": true,
    "created_at": "2026-02-09T15:29:26.174Z",
    "updated_at": "2026-02-09T15:29:42.204Z"
  }
},
{
  "model": "rehoming.adoptioninquiry",
  "pk": 4,
  "fields": {
    "listing": 11,
    "requester": 12,
    "message": "Subject: An Enthusiastic Application for Bruno  A Loving Home Awaits\n\nDear Shahin,\n\nMy name is Rocky, and I am writing to express my profound interest in providing a loving, permanent home for Bruno. From his description as a magnificent Doberman Pinscher, I can tell he's a dog with great character, and I am confident our household is the perfect place for him to thrive.\n\nOur condo, while not a sprawling house, offers a cozy and secure environment. With four adults and three children, Bruno would be surrounded by constant love, attention, and opportunities for socialization. Our private patio/balcony offers a small dedicated outdoor spot, but we are committed to regular, stimulating walks in our neighborhood and frequent visits to nearby parks to ensure he gets all the exercise and mental enrichment a Doberman needs.\n\nWhile I haven't had the pleasure of being a pet owner before, I have thoroughly researched the Doberman Pinscher breed and am fully prepared for the commitment and unique needs of such an intelligent and active dog. My partner, who will be Bruno's primary caregiver, shares this dedication, and together we are eager to embrace responsible pet ownership.\n\nWe understand Bruno would be alone for about 8 hours during the workday. To address this, we are committed to establishing a consistent and structured daily routine, including morning and evening walks, dedicated playtime, and training. We are also exploring options like a midday dog walker or doggy daycare to break up his day and provide additional companionship and exercise.\n\nWe are so excited at the prospect of welcoming Bruno into our family and providing him with a stable, loving home. We would be thrilled to discuss our application further and arrange a meeting.\n\nSincerely,\n\nRocky",
    "status": "pending_review",
    "owner_notes": null,
    "rejection_reason": null,
    "match_percentage": 15,
    "ai_processed": true,
    "created_at": "2026-02-09T16:38:09.690Z",
    "updated_at": "2026-02-09T16:38:23.376Z"
  }
},
{
  "model": "django_q.task",
  "pk": "0b5a04184a5c469589628f17a1350d7e",
  "fields": {
    "name": "fourteen-sierra-kitten-uniform",
    "func": "apps.rehoming.tasks.analyze_application_match",
    "hook": null,
    "args": "gAWVBQAAAAAAAABLBIWULg==",
    "kwargs": "gAV9lC4=",
    "result": null,
    "group": null,
    "cluster": "PetCarePlus",
    "started": "2026-02-09T16:38:09.743Z",
    "stopped": "2026-02-09T16:38:23.427Z",
    "success": true,
    "attempt_count": 1
  }
},
{
  "model": "django_q.task",
  "pk": "15450b1b33c940d68cc2bbb02ff6f46a",
  "fields": {
    "name": "equal-juliet-finch-five",
    "func": "apps.services.tasks.send_booking_status_update_email_task",
    "hook": null,
    "args": "gAWVBQAAAAAAAABLBIWULg==",
    "kwargs": "gAV9lC4=",
    "result": null,
    "group": null,
    "cluster": "PetCarePlus",
    "started": "2026-02-09T16:57:57.312Z",
    "stopped": "2026-02-09T16:58:02.137Z",
    "success": true,
    "attempt_count": 1
  }
},
{
  "model": "django_q.task",
  "pk": "30fd6e9b34954088a6963ce79ad2ad53",
  "fields": {
    "name": "east-jersey-venus-queen",
    "func": "django.core.mail.send_mail",
    "hook": null,
    "args": "gAWVPwAAAAAAAAAojAdTdWJqZWN0lIwHTWVzc2FnZZSMEGZyb21AZXhhbXBsZS5jb22UXZSMDnRvQGV4YW1wbGUuY29tlGF0lC4=",
    "kwargs": "gAV9lC4=",
    "result": 1,
    "group": null,
    "cluster": "PetCarePlus",
    "started": "2026-02-09T16:33:41.514Z",
    "stopped": "2026-02-09T16:34:12.912Z",
    "success": true,
    "attempt_count": 1
  }
},
{
  "model": "django_q.task",
  "pk": "3c26b03044784e3fb4826d00f2103798",
  "fields": {
    "name": "nevada-fourteen-hawaii-fourteen",
    "func": "apps.services.tasks.send_booking_confirmation_email_task",
    "hook": null,
    "args": "gAWVBQAAAAAAAABLBYWULg==",
    "kwargs": "gAV9lC4=",
    "result": null,
    "group": null,
    "cluster": "PetCarePlus",
    "started": "2026-02-09T18:20:47.582Z",
    "stopped": "2026-02-09T18:20:54.720Z",
    "success": true,
    "attempt_count": 1
  }
},
{
  "model": "django_q.task",
  "pk": "45e11888a5944c88adae6491f62571ab",
  "fields": {
    "name": "don-william-winner-arkansas",
    "func": "math.copysign",
    "hook": null,
    "args": "gAWVCgAAAAAAAABLAkr+////hpQu",
    "kwargs": "gAV9lC4=",
    "result": -2.0,
    "group": null,
    "cluster": "PetCarePlus",
    "started": "2026-02-09T16:17:55.323Z",
    "stopped": "2026-02-09T16:22:56.380Z",
    "success": true,
    "attempt_count": 1
  }
},
{
  "model": "django_q.task",
  "pk": "59d8f1f09c724f439d684d82fdf91c63",
  "fields": {
    "name": "magnesium-twelve-edward-lithium",
    "func": "apps.services.tasks.send_booking_status_update_email_task",
    "hook": null,
    "args": "gAWVBQAAAAAAAABLBIWULg==",
    "kwargs": "gAV9lC4=",
    "result": null,
    "group": null,
    "cluster": "PetCarePlus",
    "started": "2026-02-09T16:55:47.439Z",
    "stopped": "2026-02-09T16:57:56.884Z",
    "success": true,
    "attempt_count": 1
  }
},
{
  "model": "django_q.task",
  "pk": "9625ccb9debe4a80a350b2959da3d249",
  "fields": {
    "name": "single-oxygen-steak-orange",
    "func": "apps.services.tasks.send_booking_status_update_email_task",
    "hook": null,
    "args": "gAWVBQAAAAAAAABLBYWULg==",
    "kwargs": "gAV9lC4=",
    "result": null,
    "group": null,
    "cluster": "PetCarePlus",
    "started": "2026-02-09T18:22:49.584Z",
    "stopped": "2026-02-09T18:22:53.450Z",
    "success": true,
    "attempt_count": 1
  }
},
{
  "model": "django_q.task",
  "pk": "a89c7b2a9f8c4301986de5d275985513",
  "fields": {
    "name": "ink-fruit-seven-papa",
    "func": "math.copysign",
    "hook": null,
    "args": "gAWVCgAAAAAAAABLAkr+////hpQu",
    "kwargs": "gAV9lC4=",
    "result": -2.0,
    "group": null,
    "cluster": "PetCarePlus",
    "started": "2026-02-09T16:17:24.365Z",
    "stopped": "2026-02-09T16:22:56.380Z",
    "success": true,
    "attempt_count": 1
  }
},
{
  "model": "django_q.task",
  "pk": "ad4a9f94cb0a4abdb887f36d1e9264a1",
  "fields": {
    "name": "vermont-early-october-floor",
    "func": "math.copysign",
    "hook": null,
    "args": "gAWVCgAAAAAAAABLAkr+////hpQu",
    "kwargs": "gAV9lC4=",
    "result": -2.0,
    "group": null,
    "cluster": "PetCarePlus",
    "started": "2026-02-09T16:16:46.969Z",
    "stopped": "2026-02-09T16:22:56.380Z",
    "success": true,
    "attempt_count": 1
  }
},
{
  "model": "django_q.task",
  "pk": "e0c9f4e9876b474a9ffdab395ac1c967",
  "fields": {
    "name": "don-triple-virginia-double",
    "func": "apps.services.tasks.send_booking_confirmation_email_task",
    "hook": null,
    "args": "gAWVBQAAAAAAAABLBIWULg==",
    "kwargs": "gAV9lC4=",
    "result": null,
    "group": null,
    "cluster": "PetCarePlus",
    "started": "2026-02-09T16:48:22.194Z",
    "stopped": "2026-02-09T16:48:23.745Z",
    "success": true,
    "attempt_count": 1
  }
},
{
  "model": "services.servicecategory",
  "pk": 1,
  "fields": {
    "name": "Veterinary",
    "slug": "veterinary",
    "description": "Veterinary services for pets",
    "icon_name": "Stethoscope"
  }
},
{
  "model": "services.servicecategory",
  "pk": 2,
  "fields": {
    "name": "Training",
    "slug": "training",
    "description": "Training services for pets",
    "icon_name": "GraduationCap"
  }
},
{
  "model": "services.servicecategory",
  "pk": 3,
  "fields": {
    "name": "Foster",
    "slug": "foster",
    "description": "",
    "icon_name": "HeartHandshake"
  }
},
{
  "model": "services.servicecategory",
  "pk": 4,
  "fields": {
    "name": "Grooming",
    "slug": "grooming",
    "description": "Grooming services for pets",
    "icon_name": "Scissors"
  }
},
{
  "model": "services.servicecategory",
  "pk": 5,
  "fields": {
    "name": "Pet Sitting",
    "slug": "pet-sitting",
    "description": "",
    "icon_name": "Armchair"
  }
},
{
  "model": "services.servicecategory",
  "pk": 6,
  "fields": {
    "name": "Boarding",
    "slug": "boarding",
    "description": "",
    "icon_name": "Hotel"
  }
},
{
  "model": "services.servicecategory",
  "pk": 7,
  "fields": {
    "name": "Foster Care",
    "slug": "foster-care",
    "description": "Foster Care services for pets",
    "icon_name": ""
  }
},
{
  "model": "services.species",
  "pk": 1,
  "fields": {
    "name": "Dog",
    "slug": "dog"
  }
},
{
  "model": "services.species",
  "pk": 2,
  "fields": {
    "name": "Cat",
    "slug": "cat"
  }
},
{
  "model": "services.species",
  "pk": 3,
  "fields": {
    "name": "Rabbit",
    "slug": "rabbit"
  }
},
{
  "model": "services.species",
  "pk": 4,
  "fields": {
    "name": "Bird",
    "slug": "bird"
  }
},
{
  "model": "services.species",
  "pk": 5,
  "fields": {
    "name": "Hamster",
    "slug": "hamster"
  }
},
{
  "model": "services.species",
  "pk": 6,
  "fields": {
    "name": "Guinea Pig",
    "slug": "guinea-pig"
  }
},
{
  "model": "services.species",
  "pk": 7,
  "fields": {
    "name": "Reptile",
    "slug": "reptile"
  }
},
{
  "model": "services.species",
  "pk": 8,
  "fields": {
    "name": "Fish",
    "slug": "fish"
  }
},
{
  "model": "services.species",
  "pk": 9,
  "fields": {
    "name": "Horse",
    "slug": "horse"
  }
},
{
  "model": "services.specialization",
  "pk": 1,
  "fields": {
    "category": 1,
    "name": "General Practice",
    "description": ""
  }
},
{
  "model": "services.specialization",
  "pk": 2,
  "fields": {
    "category": 1,
    "name": "Emergency",
    "description": ""
  }
},
{
  "model": "services.specialization",
  "pk": 3,
  "fields": {
    "category": 1,
    "name": "Surgery",
    "description": ""
  }
},
{
  "model": "services.specialization",
  "pk": 4,
  "fields": {
    "category": 1,
    "name": "Dermatology",
    "description": ""
  }
},
{
  "model": "services.specialization",
  "pk": 5,
  "fields": {
    "category": 1,
    "name": "Dentistry",
    "description": ""
  }
},
{
  "model": "services.specialization",
  "pk": 6,
  "fields": {
    "category": 1,
    "name": "Oncology",
    "description": ""
  }
},
{
  "model": "services.specialization",
  "pk": 7,
  "fields": {
    "category": 1,
    "name": "Behavior",
    "description": ""
  }
},
{
  "model": "services.specialization",
  "pk": 8,
  "fields": {
    "category": 2,
    "name": "Puppy Training",
    "description": ""
  }
},
{
  "model": "services.specialization",
  "pk": 9,
  "fields": {
    "category": 2,
    "name": "Obedience",
    "description": ""
  }
},
{
  "model": "services.specialization",
  "pk": 10,
  "fields": {
    "category": 2,
    "name": "Behavior Modification",
    "description": ""
  }
},
{
  "model": "services.specialization",
  "pk": 11,
  "fields": {
    "category": 2,
    "name": "Agility",
    "description": ""
  }
},
{
  "model": "services.specialization",
  "pk": 12,
  "fields": {
    "category": 2,
    "name": "Service Dog Training",
    "description": ""
  }
},
{
  "model": "services.specialization",
  "pk": 13,
  "fields": {
    "category": 3,
    "name": "Neonatal/Bottle Feeding",
    "description": ""
  }
},
{
  "model": "services.specialization",
  "pk": 14,
  "fields": {
    "category": 3,
    "name": "Medical Needs",
    "description": ""
  }
},
{
  "model": "services.specialization",
  "pk": 15,
  "fields": {
    "category": 3,
    "name": "Behavioral Rehabilitation",
    "description": ""
  }
},
{
  "model": "services.specialization",
  "pk": 16,
  "fields": {
    "category": 3,
    "name": "Hospice Care",
    "description": ""
  }
},
{
  "model": "services.specialization",
  "pk": 17,
  "fields": {
    "category": 4,
    "name": "Breed Specific",
    "description": ""
  }
},
{
  "model": "services.specialization",
  "pk": 18,
  "fields": {
    "category": 4,
    "name": "Creative Grooming",
    "description": ""
  }
},
{
  "model": "services.specialization",
  "pk": 19,
  "fields": {
    "category": 4,
    "name": "Hand Stripping",
    "description": ""
  }
},
{
  "model": "services.specialization",
  "pk": 20,
  "fields": {
    "category": 5,
    "name": "Medication Administration",
    "description": ""
  }
},
{
  "model": "services.specialization",
  "pk": 21,
  "fields": {
    "category": 5,
    "name": "Senior Pet Care",
    "description": ""
  }
},
{
  "model": "services.specialization",
  "pk": 22,
  "fields": {
    "category": 5,
    "name": "Puppy Care",
    "description": ""
  }
},
{
  "model": "services.specialization",
  "pk": 23,
  "fields": {
    "category": 1,
    "name": "Emergency Care",
    "description": ""
  }
},
{
  "model": "services.specialization",
  "pk": 24,
  "fields": {
    "category": 1,
    "name": "Dental Care",
    "description": ""
  }
},
{
  "model": "services.specialization",
  "pk": 25,
  "fields": {
    "category": 2,
    "name": "Behavioral Issues",
    "description": ""
  }
},
{
  "model": "services.serviceoption",
  "pk": 1,
  "fields": {
    "category": 1,
    "name": "Wellness Exam",
    "base_price": null,
    "description": ""
  }
},
{
  "model": "services.serviceoption",
  "pk": 2,
  "fields": {
    "category": 1,
    "name": "Vaccination",
    "base_price": null,
    "description": ""
  }
},
{
  "model": "services.serviceoption",
  "pk": 3,
  "fields": {
    "category": 1,
    "name": "Surgery",
    "base_price": null,
    "description": ""
  }
},
{
  "model": "services.serviceoption",
  "pk": 4,
  "fields": {
    "category": 1,
    "name": "Dental Cleaning",
    "base_price": null,
    "description": ""
  }
},
{
  "model": "services.serviceoption",
  "pk": 5,
  "fields": {
    "category": 1,
    "name": "Emergency Consult",
    "base_price": null,
    "description": ""
  }
},
{
  "model": "services.serviceoption",
  "pk": 6,
  "fields": {
    "category": 4,
    "name": "Bath & Brush",
    "base_price": null,
    "description": ""
  }
},
{
  "model": "services.serviceoption",
  "pk": 7,
  "fields": {
    "category": 4,
    "name": "Full Groom",
    "base_price": null,
    "description": ""
  }
},
{
  "model": "services.serviceoption",
  "pk": 8,
  "fields": {
    "category": 4,
    "name": "Nail Trim",
    "base_price": null,
    "description": ""
  }
},
{
  "model": "services.serviceoption",
  "pk": 9,
  "fields": {
    "category": 4,
    "name": "De-shedding Treatment",
    "base_price": null,
    "description": ""
  }
},
{
  "model": "services.serviceoption",
  "pk": 10,
  "fields": {
    "category": 2,
    "name": "Private Session",
    "base_price": null,
    "description": ""
  }
},
{
  "model": "services.serviceoption",
  "pk": 11,
  "fields": {
    "category": 2,
    "name": "Group Class",
    "base_price": null,
    "description": ""
  }
},
{
  "model": "services.serviceoption",
  "pk": 12,
  "fields": {
    "category": 2,
    "name": "Behavioral Evaluation",
    "base_price": null,
    "description": ""
  }
},
{
  "model": "services.serviceoption",
  "pk": 13,
  "fields": {
    "category": 2,
    "name": "Puppy Kindergarten",
    "base_price": null,
    "description": ""
  }
},
{
  "model": "services.serviceoption",
  "pk": 14,
  "fields": {
    "category": 3,
    "name": "Short-term Foster",
    "base_price": null,
    "description": ""
  }
},
{
  "model": "services.serviceoption",
  "pk": 15,
  "fields": {
    "category": 3,
    "name": "Long-term Foster",
    "base_price": null,
    "description": ""
  }
},
{
  "model": "services.serviceoption",
  "pk": 16,
  "fields": {
    "category": 3,
    "name": "Medical Foster",
    "base_price": null,
    "description": ""
  }
},
{
  "model": "services.serviceoption",
  "pk": 17,
  "fields": {
    "category": 3,
    "name": "Hospice Foster",
    "base_price": null,
    "description": ""
  }
},
{
  "model": "services.serviceoption",
  "pk": 18,
  "fields": {
    "category": 5,
    "name": "Dog Walking",
    "base_price": null,
    "description": ""
  }
},
{
  "model": "services.serviceoption",
  "pk": 19,
  "fields": {
    "category": 5,
    "name": "House Sitting",
    "base_price": null,
    "description": ""
  }
},
{
  "model": "services.serviceoption",
  "pk": 20,
  "fields": {
    "category": 5,
    "name": "Drop-in Visit",
    "base_price": null,
    "description": ""
  }
},
{
  "model": "services.serviceoption",
  "pk": 21,
  "fields": {
    "category": 5,
    "name": "Overnight Care",
    "base_price": null,
    "description": ""
  }
},
{
  "model": "services.serviceoption",
  "pk": 22,
  "fields": {
    "category": 1,
    "name": "Spay/Neuter",
    "base_price": null,
    "description": ""
  }
},
{
  "model": "services.serviceoption",
  "pk": 23,
  "fields": {
    "category": 1,
    "name": "Microchipping",
    "base_price": null,
    "description": ""
  }
},
{
  "model": "services.serviceoption",
  "pk": 24,
  "fields": {
    "category": 1,
    "name": "Deworming",
    "base_price": null,
    "description": ""
  }
},
{
  "model": "services.serviceoption",
  "pk": 25,
  "fields": {
    "category": 1,
    "name": "Senior Checkup",
    "base_price": null,
    "description": ""
  }
},
{
  "model": "services.serviceoption",
  "pk": 26,
  "fields": {
    "category": 1,
    "name": "Puppy/Kitten Exam",
    "base_price": null,
    "description": ""
  }
},
{
  "model": "services.serviceoption",
  "pk": 27,
  "fields": {
    "category": 4,
    "name": "Ear Cleaning",
    "base_price": null,
    "description": ""
  }
},
{
  "model": "services.serviceoption",
  "pk": 28,
  "fields": {
    "category": 4,
    "name": "Teeth Brushing",
    "base_price": null,
    "description": ""
  }
},
{
  "model": "services.serviceoption",
  "pk": 29,
  "fields": {
    "category": 4,
    "name": "Flea Treatment",
    "base_price": null,
    "description": ""
  }
},
{
  "model": "services.serviceoption",
  "pk": 30,
  "fields": {
    "category": 4,
    "name": "Anal Gland Expression",
    "base_price": null,
    "description": ""
  }
},
{
  "model": "services.serviceoption",
  "pk": 31,
  "fields": {
    "category": 2,
    "name": "Board & Train",
    "base_price": null,
    "description": ""
  }
},
{
  "model": "services.serviceoption",
  "pk": 32,
  "fields": {
    "category": 2,
    "name": "Virtual Consultation",
    "base_price": null,
    "description": ""
  }
},
{
  "model": "services.serviceoption",
  "pk": 33,
  "fields": {
    "category": 2,
    "name": "Agility Class",
    "base_price": null,
    "description": ""
  }
},
{
  "model": "services.serviceoption",
  "pk": 34,
  "fields": {
    "category": 3,
    "name": "Respite Care",
    "base_price": null,
    "description": ""
  }
},
{
  "model": "services.serviceoption",
  "pk": 35,
  "fields": {
    "category": 5,
    "name": "Plant Watering",
    "base_price": null,
    "description": ""
  }
},
{
  "model": "services.serviceoption",
  "pk": 36,
  "fields": {
    "category": 5,
    "name": "Mail Collection",
    "base_price": null,
    "description": ""
  }
},
{
  "model": "services.serviceoption",
  "pk": 37,
  "fields": {
    "category": 5,
    "name": "Day Care",
    "base_price": null,
    "description": ""
  }
},
{
  "model": "services.serviceoption",
  "pk": 38,
  "fields": {
    "category": 1,
    "name": "Emergency Care",
    "base_price": "150.00",
    "description": ""
  }
},
{
  "model": "services.serviceprovider",
  "pk": 1,
  "fields": {
    "user": 15,
    "business_name": "Loving Paws Foster Home",
    "category": 7,
    "description": "Welcome to Loving Paws Foster Home, where every animal receives the care, attention, and love they deserve. With over 10 years of experience in animal fostering, we specialize in providing a safe, nurturing environment for pets in transition. Our spacious facility includes both indoor and outdoor areas, ensuring pets have plenty of room to play and relax. We maintain strict health and safety protocols, including regular veterinary check-ups and individualized care plans for each animal. Our team is trained in behavioral assessment and rehabilitation, making us well-equipped to handle pets with special needs or behavioral challenges. We believe in transparency and provide regular updates to pet owners, including photos and progress reports. Our foster home is licensed and insured, giving you peace of mind that your pet is in professional hands.",
    "website": null,
    "address_line1": "101 Main Street",
    "address_line2": "",
    "city": "Los Angeles",
    "state": "CA",
    "zip_code": "90001",
    "latitude": "34.052200",
    "longitude": "-118.243700",
    "phone": "+1-555-1001",
    "email": "provider1@pcp.com",
    "license_number": "LIC-10001",
    "insurance_info": "Fully insured with $1M liability coverage",
    "verification_status": "verified",
    "application_status": "approved",
    "settings": {},
    "created_at": "2026-02-07T19:51:30.968Z",
    "updated_at": "2026-02-07T19:53:42.611Z"
  }
},
{
  "model": "services.serviceprovider",
  "pk": 2,
  "fields": {
    "user": 16,
    "business_name": "Healthy Pets Veterinary Clinic",
    "category": 1,
    "description": "Healthy Pets Veterinary Clinic is a full-service animal hospital providing comprehensive medical, surgical, and dental care. Our state-of-the-art facility is equipped with advanced diagnostic tools including digital X-ray, ultrasound, and in-house laboratory services. We pride ourselves on our compassionate approach to veterinary medicine, treating every pet as if they were our own. Our team of experienced veterinarians and certified veterinary technicians are committed to providing the highest quality care. We offer wellness exams, vaccinations, spay/neuter services, dental cleanings, emergency care, and specialized surgical procedures. Our clinic maintains a calm, stress-free environment designed to make visits as comfortable as possible for both pets and their owners. We believe in client education and take the time to explain diagnoses, treatment options, and preventive care strategies.",
    "website": null,
    "address_line1": "102 Main Street",
    "address_line2": "",
    "city": "Chicago",
    "state": "IL",
    "zip_code": "60601",
    "latitude": "41.878100",
    "longitude": "-87.629800",
    "phone": "+1-555-1002",
    "email": "provider2@pcp.com",
    "license_number": "LIC-10002",
    "insurance_info": "Fully insured with $1M liability coverage",
    "verification_status": "verified",
    "application_status": "approved",
    "settings": {},
    "created_at": "2026-02-07T19:53:44.296Z",
    "updated_at": "2026-02-07T19:53:44.296Z"
  }
},
{
  "model": "services.serviceprovider",
  "pk": 3,
  "fields": {
    "user": 17,
    "business_name": "Pawsitive Training Academy",
    "category": 2,
    "description": "Pawsitive Training Academy offers professional dog training services using science-based, positive reinforcement methods. Our certified trainers have over 15 years of combined experience working with dogs of all breeds, ages, and temperaments. We specialize in obedience training, behavior modification, puppy socialization, and advanced skills training. Our training philosophy is built on trust, respect, and clear communication between dogs and their owners. We offer private one-on-one sessions, group classes, and specialized programs for reactive dogs, separation anxiety, and aggression issues. Each training plan is customized to meet the specific needs and goals of you and your dog. We also provide virtual training sessions for clients who prefer remote learning. Our facility includes indoor and outdoor training areas, agility equipment, and a controlled socialization space.",
    "website": null,
    "address_line1": "103 Main Street",
    "address_line2": "",
    "city": "Houston",
    "state": "TX",
    "zip_code": "77001",
    "latitude": "29.760400",
    "longitude": "-95.369800",
    "phone": "+1-555-1003",
    "email": "provider3@pcp.com",
    "license_number": "LIC-10003",
    "insurance_info": "Fully insured with $1M liability coverage",
    "verification_status": "verified",
    "application_status": "approved",
    "settings": {},
    "created_at": "2026-02-07T19:53:46.690Z",
    "updated_at": "2026-02-07T19:53:46.690Z"
  }
},
{
  "model": "services.serviceprovider",
  "pk": 4,
  "fields": {
    "user": 18,
    "business_name": "Pampered Paws Grooming Salon",
    "category": 4,
    "description": "Pampered Paws Grooming Salon is your one-stop destination for professional pet grooming services. Our experienced groomers are trained in breed-specific cuts and styling, ensuring your pet looks their absolute best. We use only premium, pet-safe products including hypoallergenic shampoos and conditioners. Our full-service grooming includes bath, haircut, nail trimming, ear cleaning, and teeth brushing. We also offer specialty services such as de-shedding treatments, flea and tick baths, and creative grooming. Our salon is designed with your pet's comfort in mind, featuring non-slip surfaces, gentle handling techniques, and a calm atmosphere. We take pride in our attention to detail and our ability to work with pets of all temperaments, including anxious or senior animals. Each grooming session is tailored to your pet's specific needs and your preferences.",
    "website": null,
    "address_line1": "104 Main Street",
    "address_line2": "",
    "city": "Phoenix",
    "state": "AZ",
    "zip_code": "85001",
    "latitude": "33.448400",
    "longitude": "-112.074000",
    "phone": "+1-555-1004",
    "email": "provider4@pcp.com",
    "license_number": "LIC-10004",
    "insurance_info": "Fully insured with $1M liability coverage",
    "verification_status": "verified",
    "application_status": "approved",
    "settings": {},
    "created_at": "2026-02-07T19:53:49.064Z",
    "updated_at": "2026-02-07T19:53:49.065Z"
  }
},
{
  "model": "services.serviceprovider",
  "pk": 5,
  "fields": {
    "user": 19,
    "business_name": "Reliable Pet Care Services",
    "category": 5,
    "description": "Reliable Pet Care Services provides professional pet sitting and dog walking services in your neighborhood. We understand that your pets are family, and we treat them with the same love and care you do. Our insured and bonded pet sitters are experienced in caring for a variety of animals and can accommodate special needs including medication administration, senior pet care, and multiple pet households. We offer flexible scheduling including daily walks, drop-in visits, and overnight house sitting. Each visit includes playtime, feeding, fresh water, and lots of affection. We also provide complimentary services such as bringing in mail, watering plants, and alternating lights to give your home a lived-in appearance. You'll receive photo updates after each visit so you can see your happy pets. Our service area covers a 15km radius, and we're available for last-minute bookings and holiday care.",
    "website": null,
    "address_line1": "105 Main Street",
    "address_line2": "",
    "city": "Philadelphia",
    "state": "PA",
    "zip_code": "19019",
    "latitude": "39.952600",
    "longitude": "-75.165200",
    "phone": "+1-555-1005",
    "email": "provider5@pcp.com",
    "license_number": "LIC-10005",
    "insurance_info": "Fully insured with $1M liability coverage",
    "verification_status": "verified",
    "application_status": "approved",
    "settings": {},
    "created_at": "2026-02-07T19:53:51.252Z",
    "updated_at": "2026-02-07T19:53:51.252Z"
  }
},
{
  "model": "services.serviceprovider",
  "pk": 6,
  "fields": {
    "user": 20,
    "business_name": "Safe Haven Animal Foster",
    "category": 7,
    "description": "Safe Haven Animal Foster is dedicated to providing temporary homes for animals in need. Our foster program has successfully cared for over 500 animals in the past five years. We specialize in caring for animals recovering from medical procedures, senior pets, and those with behavioral challenges. Our facility features climate-controlled indoor spaces and secure outdoor play areas. Each animal receives individualized attention, including enrichment activities, socialization, and basic training. We work closely with veterinarians to ensure all medical needs are met promptly. Our foster parents are trained in animal behavior and first aid, ensuring professional care around the clock. We maintain detailed records of each animal's progress and provide comprehensive handover information. Our commitment is to make the transition as smooth as possible for both the animal and their family.",
    "website": null,
    "address_line1": "106 Main Street",
    "address_line2": "",
    "city": "San Antonio",
    "state": "TX",
    "zip_code": "78201",
    "latitude": "29.424100",
    "longitude": "-98.493600",
    "phone": "+1-555-1006",
    "email": "provider6@pcp.com",
    "license_number": "LIC-10006",
    "insurance_info": "Fully insured with $1M liability coverage",
    "verification_status": "verified",
    "application_status": "approved",
    "settings": {},
    "created_at": "2026-02-07T19:53:53.429Z",
    "updated_at": "2026-02-07T19:53:53.429Z"
  }
},
{
  "model": "services.serviceprovider",
  "pk": 7,
  "fields": {
    "user": 21,
    "business_name": "Emergency Animal Hospital",
    "category": 1,
    "description": "Emergency Animal Hospital is a 24/7 emergency veterinary facility equipped to handle critical care situations. Our board-certified emergency veterinarians and specialized support staff are available around the clock to provide life-saving care when your pet needs it most. We have advanced diagnostic capabilities including CT scan, digital radiography, ultrasound, and a fully equipped surgical suite. Our hospital specializes in trauma care, toxin ingestion, respiratory distress, and other emergency conditions. We also offer critical care monitoring with dedicated ICU facilities. While we focus on emergency services, we work closely with your regular veterinarian to ensure continuity of care. Our compassionate team understands the stress of emergency situations and provides clear communication and support throughout your pet's treatment. We accept all major pet insurance plans and offer payment options for emergency care.",
    "website": null,
    "address_line1": "107 Main Street",
    "address_line2": "",
    "city": "San Diego",
    "state": "CA",
    "zip_code": "92101",
    "latitude": "32.715700",
    "longitude": "-117.161100",
    "phone": "+1-555-1007",
    "email": "provider7@pcp.com",
    "license_number": "LIC-10007",
    "insurance_info": "Fully insured with $1M liability coverage",
    "verification_status": "verified",
    "application_status": "approved",
    "settings": {},
    "created_at": "2026-02-07T19:53:55.615Z",
    "updated_at": "2026-02-07T19:53:55.615Z"
  }
},
{
  "model": "services.serviceprovider",
  "pk": 8,
  "fields": {
    "user": 22,
    "business_name": "Canine Behavior Solutions",
    "category": 2,
    "description": "Canine Behavior Solutions specializes in addressing complex behavioral issues in dogs. Our certified animal behaviorist and professional trainers work with dogs exhibiting aggression, severe anxiety, fear-based behaviors, and other challenging issues. We use evidence-based behavior modification techniques combined with positive reinforcement training. Our comprehensive assessment process includes behavioral evaluation, medical history review, and environmental analysis to develop customized treatment plans. We offer in-home training sessions to address behaviors in the environment where they occur. Our services include reactivity training, separation anxiety programs, fear and phobia treatment, and aggression rehabilitation. We also provide owner education and support, recognizing that successful behavior modification requires consistency and understanding. Many of our clients come to us as a last resort, and we're proud of our success rate in helping dogs and their families achieve harmony.",
    "website": null,
    "address_line1": "108 Main Street",
    "address_line2": "",
    "city": "Dallas",
    "state": "TX",
    "zip_code": "75201",
    "latitude": "32.776700",
    "longitude": "-96.797000",
    "phone": "+1-555-1008",
    "email": "provider8@pcp.com",
    "license_number": "LIC-10008",
    "insurance_info": "Fully insured with $1M liability coverage",
    "verification_status": "verified",
    "application_status": "approved",
    "settings": {},
    "created_at": "2026-02-07T19:53:57.979Z",
    "updated_at": "2026-02-07T19:53:57.979Z"
  }
},
{
  "model": "services.serviceprovider",
  "pk": 9,
  "fields": {
    "user": 23,
    "business_name": "Mobile Grooming Express",
    "category": 4,
    "description": "Mobile Grooming Express brings professional grooming services directly to your doorstep. Our fully equipped mobile grooming van includes everything needed for a complete grooming experience, from bathing and drying to cutting and styling. This convenient service eliminates the stress of transportation and waiting in a salon environment, making it ideal for anxious pets, senior animals, or busy pet owners. Our certified groomers provide personalized, one-on-one attention in a calm, private setting. We use eco-friendly, premium grooming products and maintain the highest standards of cleanliness and safety. Services include full grooming, bath and brush, nail trimming, ear cleaning, and specialty treatments. We serve a wide area and offer flexible scheduling including evenings and weekends. Each appointment is unhurried, allowing us to work at your pet's pace and ensure a positive experience.",
    "website": null,
    "address_line1": "109 Main Street",
    "address_line2": "",
    "city": "Austin",
    "state": "TX",
    "zip_code": "78701",
    "latitude": "30.267200",
    "longitude": "-97.743100",
    "phone": "+1-555-1009",
    "email": "provider9@pcp.com",
    "license_number": "LIC-10009",
    "insurance_info": "Fully insured with $1M liability coverage",
    "verification_status": "verified",
    "application_status": "approved",
    "settings": {},
    "created_at": "2026-02-07T19:54:00.352Z",
    "updated_at": "2026-02-07T19:54:00.352Z"
  }
},
{
  "model": "services.serviceprovider",
  "pk": 10,
  "fields": {
    "user": 24,
    "business_name": "Premium Pet Sitting Co",
    "category": 5,
    "description": "Premium Pet Sitting Co offers luxury pet care services for discerning pet owners. Our professional pet sitters are carefully selected, background-checked, and trained to provide exceptional care. We specialize in caring for high-maintenance breeds, exotic pets, and animals with special medical needs. Our services go beyond basic pet sitting to include enrichment activities, training reinforcement, and detailed care logs. We're experienced in administering medications, including injections, and can coordinate with your veterinarian as needed. Each visit is customized to your pet's routine and preferences. We offer extended visit times, overnight care, and vacation packages. Our sitters are equipped with pet first aid certification and have access to 24/7 veterinary support. We provide real-time updates through our client portal, including photos, videos, and detailed visit notes. Your home security is paramount, and we follow strict protocols for key management and property security.",
    "website": null,
    "address_line1": "110 Main Street",
    "address_line2": "",
    "city": "Jacksonville",
    "state": "FL",
    "zip_code": "32099",
    "latitude": "30.332200",
    "longitude": "-81.655700",
    "phone": "+1-555-1010",
    "email": "provider10@pcp.com",
    "license_number": "LIC-10010",
    "insurance_info": "Fully insured with $1M liability coverage",
    "verification_status": "verified",
    "application_status": "approved",
    "settings": {},
    "created_at": "2026-02-07T19:54:02.528Z",
    "updated_at": "2026-02-07T19:54:02.528Z"
  }
},
{
  "model": "services.serviceprovider",
  "pk": 11,
  "fields": {
    "user": 25,
    "business_name": "Specialty Veterinary Center",
    "category": 1,
    "description": "Specialty Veterinary Center is a referral-based practice offering advanced specialty care in cardiology, oncology, orthopedic surgery, and internal medicine. Our board-certified specialists work collaboratively with your primary veterinarian to provide the highest level of specialized care. Our facility features cutting-edge diagnostic equipment including MRI, CT scan, echocardiography, and advanced laboratory services. We offer specialized surgical procedures, chemotherapy, radiation therapy, and advanced pain management. Our team includes specialists, residents, and highly trained veterinary technicians dedicated to advancing veterinary medicine. We understand that specialty care can be overwhelming, and we prioritize clear communication and compassionate support for pet owners. Our specialists take time to explain complex medical conditions and treatment options, ensuring you can make informed decisions about your pet's care. We also offer telemedicine consultations for follow-up care and second opinions.",
    "website": null,
    "address_line1": "111 Main Street",
    "address_line2": "",
    "city": "Fort Worth",
    "state": "TX",
    "zip_code": "76101",
    "latitude": "32.755500",
    "longitude": "-97.330800",
    "phone": "+1-555-1011",
    "email": "provider11@pcp.com",
    "license_number": "LIC-10011",
    "insurance_info": "Fully insured with $1M liability coverage",
    "verification_status": "verified",
    "application_status": "approved",
    "settings": {},
    "created_at": "2026-02-07T19:54:04.710Z",
    "updated_at": "2026-02-07T19:54:04.710Z"
  }
},
{
  "model": "services.serviceprovider",
  "pk": 12,
  "fields": {
    "user": 26,
    "business_name": "Puppy Prep Training School",
    "category": 2,
    "description": "Puppy Prep Training School specializes in early puppy development and socialization. Our comprehensive puppy programs are designed to give your young dog the best start in life. We focus on critical socialization periods, basic obedience, bite inhibition, and building confidence. Our puppy kindergarten classes provide safe, supervised play with other puppies while teaching essential skills. We use positive reinforcement methods that make learning fun and build a strong bond between you and your puppy. Our curriculum includes house training guidance, crate training, leash walking, and prevention of common behavioral problems. We also offer private sessions for puppies who need extra attention or have specific challenges. Our trainers are certified in puppy development and use age-appropriate training techniques. We provide ongoing support and resources to help you navigate the exciting and sometimes challenging puppy months. Many of our graduates continue with our advanced training programs.",
    "website": null,
    "address_line1": "112 Main Street",
    "address_line2": "",
    "city": "Columbus",
    "state": "OH",
    "zip_code": "43004",
    "latitude": "39.961200",
    "longitude": "-82.998800",
    "phone": "+1-555-1012",
    "email": "provider12@pcp.com",
    "license_number": "LIC-10012",
    "insurance_info": "Fully insured with $1M liability coverage",
    "verification_status": "verified",
    "application_status": "approved",
    "settings": {},
    "created_at": "2026-02-07T19:54:07.082Z",
    "updated_at": "2026-02-07T19:54:07.082Z"
  }
},
{
  "model": "services.serviceprovider",
  "pk": 13,
  "fields": {
    "user": 27,
    "business_name": "Luxury Pet Spa",
    "category": 4,
    "description": "Luxury Pet Spa offers premium grooming and spa services in an upscale, relaxing environment. Our master groomers are certified in breed-specific styling and creative grooming techniques. We provide a full range of services including luxury baths with aromatherapy, breed-specific haircuts, hand scissoring, and show grooming. Our spa menu includes specialty treatments such as deep conditioning, blueberry facials, pawdicures, and teeth brushing. We use only the finest organic and hypoallergenic products, customized to your pet's skin and coat type. Our facility features individual grooming suites to reduce stress and provide a calm, spa-like atmosphere. We also offer add-on services including nail grinding, de-shedding treatments, and creative color services. Each grooming session includes a complimentary nail trim and ear cleaning. We cater to discerning pet owners who want the very best for their companions. Appointments are scheduled with ample time to ensure an unhurried, luxurious experience.",
    "website": null,
    "address_line1": "113 Main Street",
    "address_line2": "",
    "city": "Charlotte",
    "state": "NC",
    "zip_code": "28201",
    "latitude": "35.227100",
    "longitude": "-80.843100",
    "phone": "+1-555-1013",
    "email": "provider13@pcp.com",
    "license_number": "LIC-10013",
    "insurance_info": "Fully insured with $1M liability coverage",
    "verification_status": "verified",
    "application_status": "approved",
    "settings": {},
    "created_at": "2026-02-07T19:54:09.466Z",
    "updated_at": "2026-02-07T19:54:09.466Z"
  }
},
{
  "model": "services.serviceprovider",
  "pk": 14,
  "fields": {
    "user": 28,
    "business_name": "Compassionate Care Foster Network",
    "category": 7,
    "description": "Compassionate Care Foster Network is a community-based foster program dedicated to providing loving temporary homes for animals in crisis. Our network of trained foster volunteers provides individualized care in home environments, which is often less stressful than kennel settings. We specialize in caring for pregnant animals, nursing mothers with litters, neonatal kittens and puppies, and animals recovering from illness or surgery. Each foster home is carefully screened and provided with supplies, veterinary support, and ongoing guidance. We maintain a 24/7 support hotline for our foster families and coordinate all medical care through our partner veterinary clinics. Our program has successfully fostered over 1000 animals, with a 95% survival rate for neonatal animals. We provide comprehensive training in bottle feeding, medication administration, and recognizing signs of illness. Our foster network creates a bridge between rescue and permanent placement, giving animals the time and care they need to thrive.",
    "website": null,
    "address_line1": "114 Main Street",
    "address_line2": "",
    "city": "Indianapolis",
    "state": "IN",
    "zip_code": "46201",
    "latitude": "39.768400",
    "longitude": "-86.158100",
    "phone": "+1-555-1014",
    "email": "provider14@pcp.com",
    "license_number": "LIC-10014",
    "insurance_info": "Fully insured with $1M liability coverage",
    "verification_status": "verified",
    "application_status": "approved",
    "settings": {},
    "created_at": "2026-02-07T19:54:11.657Z",
    "updated_at": "2026-02-07T19:54:11.657Z"
  }
},
{
  "model": "services.serviceprovider",
  "pk": 15,
  "fields": {
    "user": 29,
    "business_name": "Adventure Dog Walking",
    "category": 5,
    "description": "Adventure Dog Walking specializes in active, enriching dog walking experiences. We go beyond the standard neighborhood walk to provide adventure hikes, beach outings, and park play sessions. Our professional dog walkers are experienced in handling multiple dogs and managing group dynamics. We offer small group walks (maximum 4 dogs) to ensure individual attention and safety. Each walk is tailored to your dog's energy level and abilities, from gentle senior strolls to high-energy trail hikes. We provide mental stimulation through scent work, training games, and exploration of new environments. All our walkers are certified in pet first aid and carry emergency supplies. We use GPS tracking so you can see where your dog has been, and we send photo updates from each adventure. Our service includes transportation in our climate-controlled vehicles, fresh water, and post-walk towel-downs. We're insured and bonded, and we maintain strict safety protocols including secure leashing and careful dog matching.",
    "website": null,
    "address_line1": "115 Main Street",
    "address_line2": "",
    "city": "New York",
    "state": "NY",
    "zip_code": "10001",
    "latitude": "40.712800",
    "longitude": "-74.006000",
    "phone": "+1-555-1015",
    "email": "provider15@pcp.com",
    "license_number": "LIC-10015",
    "insurance_info": "Fully insured with $1M liability coverage",
    "verification_status": "verified",
    "application_status": "approved",
    "settings": {},
    "created_at": "2026-02-07T19:54:13.846Z",
    "updated_at": "2026-02-07T19:54:13.846Z"
  }
},
{
  "model": "services.serviceprovider",
  "pk": 16,
  "fields": {
    "user": 30,
    "business_name": "Mobile Vet Services",
    "category": 1,
    "description": "Mobile Vet Services brings veterinary care directly to your home, providing convenience and reducing stress for both pets and owners. Our mobile clinic is fully equipped with examination equipment, diagnostic tools, and a pharmacy, allowing us to provide comprehensive care in the comfort of your home. We specialize in wellness exams, vaccinations, senior pet care, end-of-life care, and minor procedures. House calls are ideal for pets who experience severe anxiety at traditional clinics, multi-pet households, and owners with mobility challenges. Our veterinarians take time to observe pets in their natural environment, which can provide valuable insights into behavior and health. We offer flexible scheduling including evenings and weekends. Services include physical exams, blood work, urinalysis, vaccinations, microchipping, and euthanasia services. We coordinate with specialty hospitals and laboratories for advanced diagnostics when needed. Our compassionate approach and personalized service have made us a trusted choice for families who value convenience without compromising quality care.",
    "website": null,
    "address_line1": "116 Main Street",
    "address_line2": "",
    "city": "Los Angeles",
    "state": "CA",
    "zip_code": "90001",
    "latitude": "34.052200",
    "longitude": "-118.243700",
    "phone": "+1-555-1016",
    "email": "provider16@pcp.com",
    "license_number": "LIC-10016",
    "insurance_info": "Fully insured with $1M liability coverage",
    "verification_status": "verified",
    "application_status": "approved",
    "settings": {},
    "created_at": "2026-02-07T19:54:16.021Z",
    "updated_at": "2026-02-07T19:54:16.021Z"
  }
},
{
  "model": "services.servicemedia",
  "pk": 13,
  "fields": {
    "provider": 1,
    "file_url": "https://i.ibb.co.com/zTjrcM14/p1.jpg",
    "thumbnail_url": null,
    "is_primary": false,
    "alt_text": "Loving Paws Foster Home facility photo 1",
    "created_at": "2026-02-07T19:53:42.894Z"
  }
},
{
  "model": "services.servicemedia",
  "pk": 14,
  "fields": {
    "provider": 1,
    "file_url": "https://i.ibb.co.com/Z6PT0VCv/p2.jpg",
    "thumbnail_url": null,
    "is_primary": true,
    "alt_text": "Loving Paws Foster Home facility photo 2",
    "created_at": "2026-02-07T19:53:42.942Z"
  }
},
{
  "model": "services.servicemedia",
  "pk": 15,
  "fields": {
    "provider": 1,
    "file_url": "https://i.ibb.co.com/gMLWJQn2/p3.jpg",
    "thumbnail_url": null,
    "is_primary": false,
    "alt_text": "Loving Paws Foster Home facility photo 3",
    "created_at": "2026-02-07T19:53:42.991Z"
  }
},
{
  "model": "services.servicemedia",
  "pk": 16,
  "fields": {
    "provider": 1,
    "file_url": "https://i.ibb.co.com/F4W11C65/p4.jpg",
    "thumbnail_url": null,
    "is_primary": false,
    "alt_text": "Loving Paws Foster Home facility photo 4",
    "created_at": "2026-02-07T19:53:43.039Z"
  }
},
{
  "model": "services.servicemedia",
  "pk": 17,
  "fields": {
    "provider": 1,
    "file_url": "https://i.ibb.co.com/q3TvcnZg/p5.jpg",
    "thumbnail_url": null,
    "is_primary": false,
    "alt_text": "Loving Paws Foster Home facility photo 5",
    "created_at": "2026-02-07T19:53:43.087Z"
  }
},
{
  "model": "services.servicemedia",
  "pk": 18,
  "fields": {
    "provider": 1,
    "file_url": "https://i.ibb.co.com/WpYWTjRP/p6.jpg",
    "thumbnail_url": null,
    "is_primary": false,
    "alt_text": "Loving Paws Foster Home facility photo 6",
    "created_at": "2026-02-07T19:53:43.135Z"
  }
},
{
  "model": "services.servicemedia",
  "pk": 19,
  "fields": {
    "provider": 1,
    "file_url": "https://i.ibb.co.com/2wCFnG7/p7.jpg",
    "thumbnail_url": null,
    "is_primary": false,
    "alt_text": "Loving Paws Foster Home facility photo 7",
    "created_at": "2026-02-07T19:53:43.183Z"
  }
},
{
  "model": "services.servicemedia",
  "pk": 20,
  "fields": {
    "provider": 1,
    "file_url": "https://i.ibb.co.com/DfjbW78h/p8.jpg",
    "thumbnail_url": null,
    "is_primary": false,
    "alt_text": "Loving Paws Foster Home facility photo 8",
    "created_at": "2026-02-07T19:53:43.231Z"
  }
},
{
  "model": "services.servicemedia",
  "pk": 21,
  "fields": {
    "provider": 1,
    "file_url": "https://i.ibb.co.com/1t7ndmsp/p9.jpg",
    "thumbnail_url": null,
    "is_primary": false,
    "alt_text": "Loving Paws Foster Home facility photo 9",
    "created_at": "2026-02-07T19:53:43.279Z"
  }
},
{
  "model": "services.servicemedia",
  "pk": 22,
  "fields": {
    "provider": 1,
    "file_url": "https://i.ibb.co.com/S4KX8Dh4/p10.jpg",
    "thumbnail_url": null,
    "is_primary": false,
    "alt_text": "Loving Paws Foster Home facility photo 10",
    "created_at": "2026-02-07T19:53:43.327Z"
  }
},
{
  "model": "services.servicemedia",
  "pk": 23,
  "fields": {
    "provider": 1,
    "file_url": "https://i.ibb.co.com/bh9X2y0/p11.jpg",
    "thumbnail_url": null,
    "is_primary": false,
    "alt_text": "Loving Paws Foster Home facility photo 11",
    "created_at": "2026-02-07T19:53:43.375Z"
  }
},
{
  "model": "services.servicemedia",
  "pk": 24,
  "fields": {
    "provider": 1,
    "file_url": "https://i.ibb.co.com/TDPhggjC/p12.jpg",
    "thumbnail_url": null,
    "is_primary": false,
    "alt_text": "Loving Paws Foster Home facility photo 12",
    "created_at": "2026-02-07T19:53:43.423Z"
  }
},
{
  "model": "services.servicemedia",
  "pk": 25,
  "fields": {
    "provider": 2,
    "file_url": "https://i.ibb.co.com/zTjrcM14/p1.jpg",
    "thumbnail_url": null,
    "is_primary": false,
    "alt_text": "Healthy Pets Veterinary Clinic facility photo 1",
    "created_at": "2026-02-07T19:53:44.962Z"
  }
},
{
  "model": "services.servicemedia",
  "pk": 26,
  "fields": {
    "provider": 2,
    "file_url": "https://i.ibb.co.com/Z6PT0VCv/p2.jpg",
    "thumbnail_url": null,
    "is_primary": false,
    "alt_text": "Healthy Pets Veterinary Clinic facility photo 2",
    "created_at": "2026-02-07T19:53:45.010Z"
  }
},
{
  "model": "services.servicemedia",
  "pk": 27,
  "fields": {
    "provider": 2,
    "file_url": "https://i.ibb.co.com/gMLWJQn2/p3.jpg",
    "thumbnail_url": null,
    "is_primary": true,
    "alt_text": "Healthy Pets Veterinary Clinic facility photo 3",
    "created_at": "2026-02-07T19:53:45.058Z"
  }
},
{
  "model": "services.servicemedia",
  "pk": 28,
  "fields": {
    "provider": 2,
    "file_url": "https://i.ibb.co.com/F4W11C65/p4.jpg",
    "thumbnail_url": null,
    "is_primary": false,
    "alt_text": "Healthy Pets Veterinary Clinic facility photo 4",
    "created_at": "2026-02-07T19:53:45.106Z"
  }
},
{
  "model": "services.servicemedia",
  "pk": 29,
  "fields": {
    "provider": 2,
    "file_url": "https://i.ibb.co.com/q3TvcnZg/p5.jpg",
    "thumbnail_url": null,
    "is_primary": false,
    "alt_text": "Healthy Pets Veterinary Clinic facility photo 5",
    "created_at": "2026-02-07T19:53:45.154Z"
  }
},
{
  "model": "services.servicemedia",
  "pk": 30,
  "fields": {
    "provider": 2,
    "file_url": "https://i.ibb.co.com/WpYWTjRP/p6.jpg",
    "thumbnail_url": null,
    "is_primary": false,
    "alt_text": "Healthy Pets Veterinary Clinic facility photo 6",
    "created_at": "2026-02-07T19:53:45.202Z"
  }
},
{
  "model": "services.servicemedia",
  "pk": 31,
  "fields": {
    "provider": 2,
    "file_url": "https://i.ibb.co.com/2wCFnG7/p7.jpg",
    "thumbnail_url": null,
    "is_primary": false,
    "alt_text": "Healthy Pets Veterinary Clinic facility photo 7",
    "created_at": "2026-02-07T19:53:45.250Z"
  }
},
{
  "model": "services.servicemedia",
  "pk": 32,
  "fields": {
    "provider": 2,
    "file_url": "https://i.ibb.co.com/DfjbW78h/p8.jpg",
    "thumbnail_url": null,
    "is_primary": false,
    "alt_text": "Healthy Pets Veterinary Clinic facility photo 8",
    "created_at": "2026-02-07T19:53:45.298Z"
  }
},
{
  "model": "services.servicemedia",
  "pk": 33,
  "fields": {
    "provider": 2,
    "file_url": "https://i.ibb.co.com/1t7ndmsp/p9.jpg",
    "thumbnail_url": null,
    "is_primary": false,
    "alt_text": "Healthy Pets Veterinary Clinic facility photo 9",
    "created_at": "2026-02-07T19:53:45.346Z"
  }
},
{
  "model": "services.servicemedia",
  "pk": 34,
  "fields": {
    "provider": 2,
    "file_url": "https://i.ibb.co.com/S4KX8Dh4/p10.jpg",
    "thumbnail_url": null,
    "is_primary": false,
    "alt_text": "Healthy Pets Veterinary Clinic facility photo 10",
    "created_at": "2026-02-07T19:53:45.394Z"
  }
},
{
  "model": "services.servicemedia",
  "pk": 35,
  "fields": {
    "provider": 2,
    "file_url": "https://i.ibb.co.com/bh9X2y0/p11.jpg",
    "thumbnail_url": null,
    "is_primary": false,
    "alt_text": "Healthy Pets Veterinary Clinic facility photo 11",
    "created_at": "2026-02-07T19:53:45.442Z"
  }
},
{
  "model": "services.servicemedia",
  "pk": 36,
  "fields": {
    "provider": 2,
    "file_url": "https://i.ibb.co.com/TDPhggjC/p12.jpg",
    "thumbnail_url": null,
    "is_primary": false,
    "alt_text": "Healthy Pets Veterinary Clinic facility photo 12",
    "created_at": "2026-02-07T19:53:45.490Z"
  }
},
{
  "model": "services.servicemedia",
  "pk": 37,
  "fields": {
    "provider": 3,
    "file_url": "https://i.ibb.co.com/zTjrcM14/p1.jpg",
    "thumbnail_url": null,
    "is_primary": false,
    "alt_text": "Pawsitive Training Academy facility photo 1",
    "created_at": "2026-02-07T19:53:47.358Z"
  }
},
{
  "model": "services.servicemedia",
  "pk": 38,
  "fields": {
    "provider": 3,
    "file_url": "https://i.ibb.co.com/Z6PT0VCv/p2.jpg",
    "thumbnail_url": null,
    "is_primary": false,
    "alt_text": "Pawsitive Training Academy facility photo 2",
    "created_at": "2026-02-07T19:53:47.406Z"
  }
},
{
  "model": "services.servicemedia",
  "pk": 39,
  "fields": {
    "provider": 3,
    "file_url": "https://i.ibb.co.com/gMLWJQn2/p3.jpg",
    "thumbnail_url": null,
    "is_primary": false,
    "alt_text": "Pawsitive Training Academy facility photo 3",
    "created_at": "2026-02-07T19:53:47.454Z"
  }
},
{
  "model": "services.servicemedia",
  "pk": 40,
  "fields": {
    "provider": 3,
    "file_url": "https://i.ibb.co.com/F4W11C65/p4.jpg",
    "thumbnail_url": null,
    "is_primary": true,
    "alt_text": "Pawsitive Training Academy facility photo 4",
    "created_at": "2026-02-07T19:53:47.503Z"
  }
},
{
  "model": "services.servicemedia",
  "pk": 41,
  "fields": {
    "provider": 3,
    "file_url": "https://i.ibb.co.com/q3TvcnZg/p5.jpg",
    "thumbnail_url": null,
    "is_primary": false,
    "alt_text": "Pawsitive Training Academy facility photo 5",
    "created_at": "2026-02-07T19:53:47.551Z"
  }
},
{
  "model": "services.servicemedia",
  "pk": 42,
  "fields": {
    "provider": 3,
    "file_url": "https://i.ibb.co.com/WpYWTjRP/p6.jpg",
    "thumbnail_url": null,
    "is_primary": false,
    "alt_text": "Pawsitive Training Academy facility photo 6",
    "created_at": "2026-02-07T19:53:47.600Z"
  }
},
{
  "model": "services.servicemedia",
  "pk": 43,
  "fields": {
    "provider": 3,
    "file_url": "https://i.ibb.co.com/2wCFnG7/p7.jpg",
    "thumbnail_url": null,
    "is_primary": false,
    "alt_text": "Pawsitive Training Academy facility photo 7",
    "created_at": "2026-02-07T19:53:47.648Z"
  }
},
{
  "model": "services.servicemedia",
  "pk": 44,
  "fields": {
    "provider": 3,
    "file_url": "https://i.ibb.co.com/DfjbW78h/p8.jpg",
    "thumbnail_url": null,
    "is_primary": false,
    "alt_text": "Pawsitive Training Academy facility photo 8",
    "created_at": "2026-02-07T19:53:47.696Z"
  }
},
{
  "model": "services.servicemedia",
  "pk": 45,
  "fields": {
    "provider": 3,
    "file_url": "https://i.ibb.co.com/1t7ndmsp/p9.jpg",
    "thumbnail_url": null,
    "is_primary": false,
    "alt_text": "Pawsitive Training Academy facility photo 9",
    "created_at": "2026-02-07T19:53:47.744Z"
  }
},
{
  "model": "services.servicemedia",
  "pk": 46,
  "fields": {
    "provider": 3,
    "file_url": "https://i.ibb.co.com/S4KX8Dh4/p10.jpg",
    "thumbnail_url": null,
    "is_primary": false,
    "alt_text": "Pawsitive Training Academy facility photo 10",
    "created_at": "2026-02-07T19:53:47.792Z"
  }
},
{
  "model": "services.servicemedia",
  "pk": 47,
  "fields": {
    "provider": 3,
    "file_url": "https://i.ibb.co.com/bh9X2y0/p11.jpg",
    "thumbnail_url": null,
    "is_primary": false,
    "alt_text": "Pawsitive Training Academy facility photo 11",
    "created_at": "2026-02-07T19:53:47.840Z"
  }
},
{
  "model": "services.servicemedia",
  "pk": 48,
  "fields": {
    "provider": 3,
    "file_url": "https://i.ibb.co.com/TDPhggjC/p12.jpg",
    "thumbnail_url": null,
    "is_primary": false,
    "alt_text": "Pawsitive Training Academy facility photo 12",
    "created_at": "2026-02-07T19:53:47.889Z"
  }
},
{
  "model": "services.servicemedia",
  "pk": 49,
  "fields": {
    "provider": 4,
    "file_url": "https://i.ibb.co.com/zTjrcM14/p1.jpg",
    "thumbnail_url": null,
    "is_primary": false,
    "alt_text": "Pampered Paws Grooming Salon facility photo 1",
    "created_at": "2026-02-07T19:53:49.730Z"
  }
},
{
  "model": "services.servicemedia",
  "pk": 50,
  "fields": {
    "provider": 4,
    "file_url": "https://i.ibb.co.com/Z6PT0VCv/p2.jpg",
    "thumbnail_url": null,
    "is_primary": false,
    "alt_text": "Pampered Paws Grooming Salon facility photo 2",
    "created_at": "2026-02-07T19:53:49.779Z"
  }
},
{
  "model": "services.servicemedia",
  "pk": 51,
  "fields": {
    "provider": 4,
    "file_url": "https://i.ibb.co.com/gMLWJQn2/p3.jpg",
    "thumbnail_url": null,
    "is_primary": false,
    "alt_text": "Pampered Paws Grooming Salon facility photo 3",
    "created_at": "2026-02-07T19:53:49.827Z"
  }
},
{
  "model": "services.servicemedia",
  "pk": 52,
  "fields": {
    "provider": 4,
    "file_url": "https://i.ibb.co.com/F4W11C65/p4.jpg",
    "thumbnail_url": null,
    "is_primary": false,
    "alt_text": "Pampered Paws Grooming Salon facility photo 4",
    "created_at": "2026-02-07T19:53:49.875Z"
  }
},
{
  "model": "services.servicemedia",
  "pk": 53,
  "fields": {
    "provider": 4,
    "file_url": "https://i.ibb.co.com/q3TvcnZg/p5.jpg",
    "thumbnail_url": null,
    "is_primary": true,
    "alt_text": "Pampered Paws Grooming Salon facility photo 5",
    "created_at": "2026-02-07T19:53:49.922Z"
  }
},
{
  "model": "services.servicemedia",
  "pk": 54,
  "fields": {
    "provider": 4,
    "file_url": "https://i.ibb.co.com/WpYWTjRP/p6.jpg",
    "thumbnail_url": null,
    "is_primary": false,
    "alt_text": "Pampered Paws Grooming Salon facility photo 6",
    "created_at": "2026-02-07T19:53:49.970Z"
  }
},
{
  "model": "services.servicemedia",
  "pk": 55,
  "fields": {
    "provider": 4,
    "file_url": "https://i.ibb.co.com/2wCFnG7/p7.jpg",
    "thumbnail_url": null,
    "is_primary": false,
    "alt_text": "Pampered Paws Grooming Salon facility photo 7",
    "created_at": "2026-02-07T19:53:50.018Z"
  }
},
{
  "model": "services.servicemedia",
  "pk": 56,
  "fields": {
    "provider": 4,
    "file_url": "https://i.ibb.co.com/DfjbW78h/p8.jpg",
    "thumbnail_url": null,
    "is_primary": false,
    "alt_text": "Pampered Paws Grooming Salon facility photo 8",
    "created_at": "2026-02-07T19:53:50.066Z"
  }
},
{
  "model": "services.servicemedia",
  "pk": 57,
  "fields": {
    "provider": 4,
    "file_url": "https://i.ibb.co.com/1t7ndmsp/p9.jpg",
    "thumbnail_url": null,
    "is_primary": false,
    "alt_text": "Pampered Paws Grooming Salon facility photo 9",
    "created_at": "2026-02-07T19:53:50.115Z"
  }
},
{
  "model": "services.servicemedia",
  "pk": 58,
  "fields": {
    "provider": 4,
    "file_url": "https://i.ibb.co.com/S4KX8Dh4/p10.jpg",
    "thumbnail_url": null,
    "is_primary": false,
    "alt_text": "Pampered Paws Grooming Salon facility photo 10",
    "created_at": "2026-02-07T19:53:50.163Z"
  }
},
{
  "model": "services.servicemedia",
  "pk": 59,
  "fields": {
    "provider": 4,
    "file_url": "https://i.ibb.co.com/bh9X2y0/p11.jpg",
    "thumbnail_url": null,
    "is_primary": false,
    "alt_text": "Pampered Paws Grooming Salon facility photo 11",
    "created_at": "2026-02-07T19:53:50.212Z"
  }
},
{
  "model": "services.servicemedia",
  "pk": 60,
  "fields": {
    "provider": 4,
    "file_url": "https://i.ibb.co.com/TDPhggjC/p12.jpg",
    "thumbnail_url": null,
    "is_primary": false,
    "alt_text": "Pampered Paws Grooming Salon facility photo 12",
    "created_at": "2026-02-07T19:53:50.261Z"
  }
},
{
  "model": "services.servicemedia",
  "pk": 61,
  "fields": {
    "provider": 5,
    "file_url": "https://i.ibb.co.com/zTjrcM14/p1.jpg",
    "thumbnail_url": null,
    "is_primary": false,
    "alt_text": "Reliable Pet Care Services facility photo 1",
    "created_at": "2026-02-07T19:53:51.917Z"
  }
},
{
  "model": "services.servicemedia",
  "pk": 62,
  "fields": {
    "provider": 5,
    "file_url": "https://i.ibb.co.com/Z6PT0VCv/p2.jpg",
    "thumbnail_url": null,
    "is_primary": false,
    "alt_text": "Reliable Pet Care Services facility photo 2",
    "created_at": "2026-02-07T19:53:51.965Z"
  }
},
{
  "model": "services.servicemedia",
  "pk": 63,
  "fields": {
    "provider": 5,
    "file_url": "https://i.ibb.co.com/gMLWJQn2/p3.jpg",
    "thumbnail_url": null,
    "is_primary": false,
    "alt_text": "Reliable Pet Care Services facility photo 3",
    "created_at": "2026-02-07T19:53:52.013Z"
  }
},
{
  "model": "services.servicemedia",
  "pk": 64,
  "fields": {
    "provider": 5,
    "file_url": "https://i.ibb.co.com/F4W11C65/p4.jpg",
    "thumbnail_url": null,
    "is_primary": false,
    "alt_text": "Reliable Pet Care Services facility photo 4",
    "created_at": "2026-02-07T19:53:52.061Z"
  }
},
{
  "model": "services.servicemedia",
  "pk": 65,
  "fields": {
    "provider": 5,
    "file_url": "https://i.ibb.co.com/q3TvcnZg/p5.jpg",
    "thumbnail_url": null,
    "is_primary": false,
    "alt_text": "Reliable Pet Care Services facility photo 5",
    "created_at": "2026-02-07T19:53:52.109Z"
  }
},
{
  "model": "services.servicemedia",
  "pk": 66,
  "fields": {
    "provider": 5,
    "file_url": "https://i.ibb.co.com/WpYWTjRP/p6.jpg",
    "thumbnail_url": null,
    "is_primary": true,
    "alt_text": "Reliable Pet Care Services facility photo 6",
    "created_at": "2026-02-07T19:53:52.157Z"
  }
},
{
  "model": "services.servicemedia",
  "pk": 67,
  "fields": {
    "provider": 5,
    "file_url": "https://i.ibb.co.com/2wCFnG7/p7.jpg",
    "thumbnail_url": null,
    "is_primary": false,
    "alt_text": "Reliable Pet Care Services facility photo 7",
    "created_at": "2026-02-07T19:53:52.205Z"
  }
},
{
  "model": "services.servicemedia",
  "pk": 68,
  "fields": {
    "provider": 5,
    "file_url": "https://i.ibb.co.com/DfjbW78h/p8.jpg",
    "thumbnail_url": null,
    "is_primary": false,
    "alt_text": "Reliable Pet Care Services facility photo 8",
    "created_at": "2026-02-07T19:53:52.254Z"
  }
},
{
  "model": "services.servicemedia",
  "pk": 69,
  "fields": {
    "provider": 5,
    "file_url": "https://i.ibb.co.com/1t7ndmsp/p9.jpg",
    "thumbnail_url": null,
    "is_primary": false,
    "alt_text": "Reliable Pet Care Services facility photo 9",
    "created_at": "2026-02-07T19:53:52.302Z"
  }
},
{
  "model": "services.servicemedia",
  "pk": 70,
  "fields": {
    "provider": 5,
    "file_url": "https://i.ibb.co.com/S4KX8Dh4/p10.jpg",
    "thumbnail_url": null,
    "is_primary": false,
    "alt_text": "Reliable Pet Care Services facility photo 10",
    "created_at": "2026-02-07T19:53:52.350Z"
  }
},
{
  "model": "services.servicemedia",
  "pk": 71,
  "fields": {
    "provider": 5,
    "file_url": "https://i.ibb.co.com/bh9X2y0/p11.jpg",
    "thumbnail_url": null,
    "is_primary": false,
    "alt_text": "Reliable Pet Care Services facility photo 11",
    "created_at": "2026-02-07T19:53:52.398Z"
  }
},
{
  "model": "services.servicemedia",
  "pk": 72,
  "fields": {
    "provider": 5,
    "file_url": "https://i.ibb.co.com/TDPhggjC/p12.jpg",
    "thumbnail_url": null,
    "is_primary": false,
    "alt_text": "Reliable Pet Care Services facility photo 12",
    "created_at": "2026-02-07T19:53:52.446Z"
  }
},
{
  "model": "services.servicemedia",
  "pk": 73,
  "fields": {
    "provider": 6,
    "file_url": "https://i.ibb.co.com/zTjrcM14/p1.jpg",
    "thumbnail_url": null,
    "is_primary": false,
    "alt_text": "Safe Haven Animal Foster facility photo 1",
    "created_at": "2026-02-07T19:53:54.095Z"
  }
},
{
  "model": "services.servicemedia",
  "pk": 74,
  "fields": {
    "provider": 6,
    "file_url": "https://i.ibb.co.com/Z6PT0VCv/p2.jpg",
    "thumbnail_url": null,
    "is_primary": false,
    "alt_text": "Safe Haven Animal Foster facility photo 2",
    "created_at": "2026-02-07T19:53:54.143Z"
  }
},
{
  "model": "services.servicemedia",
  "pk": 75,
  "fields": {
    "provider": 6,
    "file_url": "https://i.ibb.co.com/gMLWJQn2/p3.jpg",
    "thumbnail_url": null,
    "is_primary": false,
    "alt_text": "Safe Haven Animal Foster facility photo 3",
    "created_at": "2026-02-07T19:53:54.191Z"
  }
},
{
  "model": "services.servicemedia",
  "pk": 76,
  "fields": {
    "provider": 6,
    "file_url": "https://i.ibb.co.com/F4W11C65/p4.jpg",
    "thumbnail_url": null,
    "is_primary": false,
    "alt_text": "Safe Haven Animal Foster facility photo 4",
    "created_at": "2026-02-07T19:53:54.239Z"
  }
},
{
  "model": "services.servicemedia",
  "pk": 77,
  "fields": {
    "provider": 6,
    "file_url": "https://i.ibb.co.com/q3TvcnZg/p5.jpg",
    "thumbnail_url": null,
    "is_primary": false,
    "alt_text": "Safe Haven Animal Foster facility photo 5",
    "created_at": "2026-02-07T19:53:54.287Z"
  }
},
{
  "model": "services.servicemedia",
  "pk": 78,
  "fields": {
    "provider": 6,
    "file_url": "https://i.ibb.co.com/WpYWTjRP/p6.jpg",
    "thumbnail_url": null,
    "is_primary": false,
    "alt_text": "Safe Haven Animal Foster facility photo 6",
    "created_at": "2026-02-07T19:53:54.336Z"
  }
},
{
  "model": "services.servicemedia",
  "pk": 79,
  "fields": {
    "provider": 6,
    "file_url": "https://i.ibb.co.com/2wCFnG7/p7.jpg",
    "thumbnail_url": null,
    "is_primary": true,
    "alt_text": "Safe Haven Animal Foster facility photo 7",
    "created_at": "2026-02-07T19:53:54.384Z"
  }
},
{
  "model": "services.servicemedia",
  "pk": 80,
  "fields": {
    "provider": 6,
    "file_url": "https://i.ibb.co.com/DfjbW78h/p8.jpg",
    "thumbnail_url": null,
    "is_primary": false,
    "alt_text": "Safe Haven Animal Foster facility photo 8",
    "created_at": "2026-02-07T19:53:54.432Z"
  }
},
{
  "model": "services.servicemedia",
  "pk": 81,
  "fields": {
    "provider": 6,
    "file_url": "https://i.ibb.co.com/1t7ndmsp/p9.jpg",
    "thumbnail_url": null,
    "is_primary": false,
    "alt_text": "Safe Haven Animal Foster facility photo 9",
    "created_at": "2026-02-07T19:53:54.481Z"
  }
},
{
  "model": "services.servicemedia",
  "pk": 82,
  "fields": {
    "provider": 6,
    "file_url": "https://i.ibb.co.com/S4KX8Dh4/p10.jpg",
    "thumbnail_url": null,
    "is_primary": false,
    "alt_text": "Safe Haven Animal Foster facility photo 10",
    "created_at": "2026-02-07T19:53:54.529Z"
  }
},
{
  "model": "services.servicemedia",
  "pk": 83,
  "fields": {
    "provider": 6,
    "file_url": "https://i.ibb.co.com/bh9X2y0/p11.jpg",
    "thumbnail_url": null,
    "is_primary": false,
    "alt_text": "Safe Haven Animal Foster facility photo 11",
    "created_at": "2026-02-07T19:53:54.577Z"
  }
},
{
  "model": "services.servicemedia",
  "pk": 84,
  "fields": {
    "provider": 6,
    "file_url": "https://i.ibb.co.com/TDPhggjC/p12.jpg",
    "thumbnail_url": null,
    "is_primary": false,
    "alt_text": "Safe Haven Animal Foster facility photo 12",
    "created_at": "2026-02-07T19:53:54.625Z"
  }
},
{
  "model": "services.servicemedia",
  "pk": 85,
  "fields": {
    "provider": 7,
    "file_url": "https://i.ibb.co.com/zTjrcM14/p1.jpg",
    "thumbnail_url": null,
    "is_primary": false,
    "alt_text": "Emergency Animal Hospital facility photo 1",
    "created_at": "2026-02-07T19:53:56.281Z"
  }
},
{
  "model": "services.servicemedia",
  "pk": 86,
  "fields": {
    "provider": 7,
    "file_url": "https://i.ibb.co.com/Z6PT0VCv/p2.jpg",
    "thumbnail_url": null,
    "is_primary": false,
    "alt_text": "Emergency Animal Hospital facility photo 2",
    "created_at": "2026-02-07T19:53:56.329Z"
  }
},
{
  "model": "services.servicemedia",
  "pk": 87,
  "fields": {
    "provider": 7,
    "file_url": "https://i.ibb.co.com/gMLWJQn2/p3.jpg",
    "thumbnail_url": null,
    "is_primary": false,
    "alt_text": "Emergency Animal Hospital facility photo 3",
    "created_at": "2026-02-07T19:53:56.377Z"
  }
},
{
  "model": "services.servicemedia",
  "pk": 88,
  "fields": {
    "provider": 7,
    "file_url": "https://i.ibb.co.com/F4W11C65/p4.jpg",
    "thumbnail_url": null,
    "is_primary": false,
    "alt_text": "Emergency Animal Hospital facility photo 4",
    "created_at": "2026-02-07T19:53:56.425Z"
  }
},
{
  "model": "services.servicemedia",
  "pk": 89,
  "fields": {
    "provider": 7,
    "file_url": "https://i.ibb.co.com/q3TvcnZg/p5.jpg",
    "thumbnail_url": null,
    "is_primary": false,
    "alt_text": "Emergency Animal Hospital facility photo 5",
    "created_at": "2026-02-07T19:53:56.474Z"
  }
},
{
  "model": "services.servicemedia",
  "pk": 90,
  "fields": {
    "provider": 7,
    "file_url": "https://i.ibb.co.com/WpYWTjRP/p6.jpg",
    "thumbnail_url": null,
    "is_primary": false,
    "alt_text": "Emergency Animal Hospital facility photo 6",
    "created_at": "2026-02-07T19:53:56.522Z"
  }
},
{
  "model": "services.servicemedia",
  "pk": 91,
  "fields": {
    "provider": 7,
    "file_url": "https://i.ibb.co.com/2wCFnG7/p7.jpg",
    "thumbnail_url": null,
    "is_primary": false,
    "alt_text": "Emergency Animal Hospital facility photo 7",
    "created_at": "2026-02-07T19:53:56.570Z"
  }
},
{
  "model": "services.servicemedia",
  "pk": 92,
  "fields": {
    "provider": 7,
    "file_url": "https://i.ibb.co.com/DfjbW78h/p8.jpg",
    "thumbnail_url": null,
    "is_primary": true,
    "alt_text": "Emergency Animal Hospital facility photo 8",
    "created_at": "2026-02-07T19:53:56.618Z"
  }
},
{
  "model": "services.servicemedia",
  "pk": 93,
  "fields": {
    "provider": 7,
    "file_url": "https://i.ibb.co.com/1t7ndmsp/p9.jpg",
    "thumbnail_url": null,
    "is_primary": false,
    "alt_text": "Emergency Animal Hospital facility photo 9",
    "created_at": "2026-02-07T19:53:56.666Z"
  }
},
{
  "model": "services.servicemedia",
  "pk": 94,
  "fields": {
    "provider": 7,
    "file_url": "https://i.ibb.co.com/S4KX8Dh4/p10.jpg",
    "thumbnail_url": null,
    "is_primary": false,
    "alt_text": "Emergency Animal Hospital facility photo 10",
    "created_at": "2026-02-07T19:53:56.714Z"
  }
},
{
  "model": "services.servicemedia",
  "pk": 95,
  "fields": {
    "provider": 7,
    "file_url": "https://i.ibb.co.com/bh9X2y0/p11.jpg",
    "thumbnail_url": null,
    "is_primary": false,
    "alt_text": "Emergency Animal Hospital facility photo 11",
    "created_at": "2026-02-07T19:53:56.763Z"
  }
},
{
  "model": "services.servicemedia",
  "pk": 96,
  "fields": {
    "provider": 7,
    "file_url": "https://i.ibb.co.com/TDPhggjC/p12.jpg",
    "thumbnail_url": null,
    "is_primary": false,
    "alt_text": "Emergency Animal Hospital facility photo 12",
    "created_at": "2026-02-07T19:53:56.811Z"
  }
},
{
  "model": "services.servicemedia",
  "pk": 97,
  "fields": {
    "provider": 8,
    "file_url": "https://i.ibb.co.com/zTjrcM14/p1.jpg",
    "thumbnail_url": null,
    "is_primary": false,
    "alt_text": "Canine Behavior Solutions facility photo 1",
    "created_at": "2026-02-07T19:53:58.645Z"
  }
},
{
  "model": "services.servicemedia",
  "pk": 98,
  "fields": {
    "provider": 8,
    "file_url": "https://i.ibb.co.com/Z6PT0VCv/p2.jpg",
    "thumbnail_url": null,
    "is_primary": false,
    "alt_text": "Canine Behavior Solutions facility photo 2",
    "created_at": "2026-02-07T19:53:58.693Z"
  }
},
{
  "model": "services.servicemedia",
  "pk": 99,
  "fields": {
    "provider": 8,
    "file_url": "https://i.ibb.co.com/gMLWJQn2/p3.jpg",
    "thumbnail_url": null,
    "is_primary": false,
    "alt_text": "Canine Behavior Solutions facility photo 3",
    "created_at": "2026-02-07T19:53:58.741Z"
  }
},
{
  "model": "services.servicemedia",
  "pk": 100,
  "fields": {
    "provider": 8,
    "file_url": "https://i.ibb.co.com/F4W11C65/p4.jpg",
    "thumbnail_url": null,
    "is_primary": false,
    "alt_text": "Canine Behavior Solutions facility photo 4",
    "created_at": "2026-02-07T19:53:58.792Z"
  }
},
{
  "model": "services.servicemedia",
  "pk": 101,
  "fields": {
    "provider": 8,
    "file_url": "https://i.ibb.co.com/q3TvcnZg/p5.jpg",
    "thumbnail_url": null,
    "is_primary": false,
    "alt_text": "Canine Behavior Solutions facility photo 5",
    "created_at": "2026-02-07T19:53:58.840Z"
  }
},
{
  "model": "services.servicemedia",
  "pk": 102,
  "fields": {
    "provider": 8,
    "file_url": "https://i.ibb.co.com/WpYWTjRP/p6.jpg",
    "thumbnail_url": null,
    "is_primary": false,
    "alt_text": "Canine Behavior Solutions facility photo 6",
    "created_at": "2026-02-07T19:53:58.888Z"
  }
},
{
  "model": "services.servicemedia",
  "pk": 103,
  "fields": {
    "provider": 8,
    "file_url": "https://i.ibb.co.com/2wCFnG7/p7.jpg",
    "thumbnail_url": null,
    "is_primary": false,
    "alt_text": "Canine Behavior Solutions facility photo 7",
    "created_at": "2026-02-07T19:53:58.936Z"
  }
},
{
  "model": "services.servicemedia",
  "pk": 104,
  "fields": {
    "provider": 8,
    "file_url": "https://i.ibb.co.com/DfjbW78h/p8.jpg",
    "thumbnail_url": null,
    "is_primary": false,
    "alt_text": "Canine Behavior Solutions facility photo 8",
    "created_at": "2026-02-07T19:53:58.986Z"
  }
},
{
  "model": "services.servicemedia",
  "pk": 105,
  "fields": {
    "provider": 8,
    "file_url": "https://i.ibb.co.com/1t7ndmsp/p9.jpg",
    "thumbnail_url": null,
    "is_primary": true,
    "alt_text": "Canine Behavior Solutions facility photo 9",
    "created_at": "2026-02-07T19:53:59.034Z"
  }
},
{
  "model": "services.servicemedia",
  "pk": 106,
  "fields": {
    "provider": 8,
    "file_url": "https://i.ibb.co.com/S4KX8Dh4/p10.jpg",
    "thumbnail_url": null,
    "is_primary": false,
    "alt_text": "Canine Behavior Solutions facility photo 10",
    "created_at": "2026-02-07T19:53:59.082Z"
  }
},
{
  "model": "services.servicemedia",
  "pk": 107,
  "fields": {
    "provider": 8,
    "file_url": "https://i.ibb.co.com/bh9X2y0/p11.jpg",
    "thumbnail_url": null,
    "is_primary": false,
    "alt_text": "Canine Behavior Solutions facility photo 11",
    "created_at": "2026-02-07T19:53:59.130Z"
  }
},
{
  "model": "services.servicemedia",
  "pk": 108,
  "fields": {
    "provider": 8,
    "file_url": "https://i.ibb.co.com/TDPhggjC/p12.jpg",
    "thumbnail_url": null,
    "is_primary": false,
    "alt_text": "Canine Behavior Solutions facility photo 12",
    "created_at": "2026-02-07T19:53:59.179Z"
  }
},
{
  "model": "services.servicemedia",
  "pk": 109,
  "fields": {
    "provider": 9,
    "file_url": "https://i.ibb.co.com/zTjrcM14/p1.jpg",
    "thumbnail_url": null,
    "is_primary": false,
    "alt_text": "Mobile Grooming Express facility photo 1",
    "created_at": "2026-02-07T19:54:01.018Z"
  }
},
{
  "model": "services.servicemedia",
  "pk": 110,
  "fields": {
    "provider": 9,
    "file_url": "https://i.ibb.co.com/Z6PT0VCv/p2.jpg",
    "thumbnail_url": null,
    "is_primary": false,
    "alt_text": "Mobile Grooming Express facility photo 2",
    "created_at": "2026-02-07T19:54:01.066Z"
  }
},
{
  "model": "services.servicemedia",
  "pk": 111,
  "fields": {
    "provider": 9,
    "file_url": "https://i.ibb.co.com/gMLWJQn2/p3.jpg",
    "thumbnail_url": null,
    "is_primary": false,
    "alt_text": "Mobile Grooming Express facility photo 3",
    "created_at": "2026-02-07T19:54:01.114Z"
  }
},
{
  "model": "services.servicemedia",
  "pk": 112,
  "fields": {
    "provider": 9,
    "file_url": "https://i.ibb.co.com/F4W11C65/p4.jpg",
    "thumbnail_url": null,
    "is_primary": false,
    "alt_text": "Mobile Grooming Express facility photo 4",
    "created_at": "2026-02-07T19:54:01.162Z"
  }
},
{
  "model": "services.servicemedia",
  "pk": 113,
  "fields": {
    "provider": 9,
    "file_url": "https://i.ibb.co.com/q3TvcnZg/p5.jpg",
    "thumbnail_url": null,
    "is_primary": false,
    "alt_text": "Mobile Grooming Express facility photo 5",
    "created_at": "2026-02-07T19:54:01.211Z"
  }
},
{
  "model": "services.servicemedia",
  "pk": 114,
  "fields": {
    "provider": 9,
    "file_url": "https://i.ibb.co.com/WpYWTjRP/p6.jpg",
    "thumbnail_url": null,
    "is_primary": false,
    "alt_text": "Mobile Grooming Express facility photo 6",
    "created_at": "2026-02-07T19:54:01.259Z"
  }
},
{
  "model": "services.servicemedia",
  "pk": 115,
  "fields": {
    "provider": 9,
    "file_url": "https://i.ibb.co.com/2wCFnG7/p7.jpg",
    "thumbnail_url": null,
    "is_primary": false,
    "alt_text": "Mobile Grooming Express facility photo 7",
    "created_at": "2026-02-07T19:54:01.307Z"
  }
},
{
  "model": "services.servicemedia",
  "pk": 116,
  "fields": {
    "provider": 9,
    "file_url": "https://i.ibb.co.com/DfjbW78h/p8.jpg",
    "thumbnail_url": null,
    "is_primary": false,
    "alt_text": "Mobile Grooming Express facility photo 8",
    "created_at": "2026-02-07T19:54:01.355Z"
  }
},
{
  "model": "services.servicemedia",
  "pk": 117,
  "fields": {
    "provider": 9,
    "file_url": "https://i.ibb.co.com/1t7ndmsp/p9.jpg",
    "thumbnail_url": null,
    "is_primary": false,
    "alt_text": "Mobile Grooming Express facility photo 9",
    "created_at": "2026-02-07T19:54:01.403Z"
  }
},
{
  "model": "services.servicemedia",
  "pk": 118,
  "fields": {
    "provider": 9,
    "file_url": "https://i.ibb.co.com/S4KX8Dh4/p10.jpg",
    "thumbnail_url": null,
    "is_primary": true,
    "alt_text": "Mobile Grooming Express facility photo 10",
    "created_at": "2026-02-07T19:54:01.451Z"
  }
},
{
  "model": "services.servicemedia",
  "pk": 119,
  "fields": {
    "provider": 9,
    "file_url": "https://i.ibb.co.com/bh9X2y0/p11.jpg",
    "thumbnail_url": null,
    "is_primary": false,
    "alt_text": "Mobile Grooming Express facility photo 11",
    "created_at": "2026-02-07T19:54:01.500Z"
  }
},
{
  "model": "services.servicemedia",
  "pk": 120,
  "fields": {
    "provider": 9,
    "file_url": "https://i.ibb.co.com/TDPhggjC/p12.jpg",
    "thumbnail_url": null,
    "is_primary": false,
    "alt_text": "Mobile Grooming Express facility photo 12",
    "created_at": "2026-02-07T19:54:01.549Z"
  }
},
{
  "model": "services.servicemedia",
  "pk": 121,
  "fields": {
    "provider": 10,
    "file_url": "https://i.ibb.co.com/zTjrcM14/p1.jpg",
    "thumbnail_url": null,
    "is_primary": false,
    "alt_text": "Premium Pet Sitting Co facility photo 1",
    "created_at": "2026-02-07T19:54:03.194Z"
  }
},
{
  "model": "services.servicemedia",
  "pk": 122,
  "fields": {
    "provider": 10,
    "file_url": "https://i.ibb.co.com/Z6PT0VCv/p2.jpg",
    "thumbnail_url": null,
    "is_primary": false,
    "alt_text": "Premium Pet Sitting Co facility photo 2",
    "created_at": "2026-02-07T19:54:03.242Z"
  }
},
{
  "model": "services.servicemedia",
  "pk": 123,
  "fields": {
    "provider": 10,
    "file_url": "https://i.ibb.co.com/gMLWJQn2/p3.jpg",
    "thumbnail_url": null,
    "is_primary": false,
    "alt_text": "Premium Pet Sitting Co facility photo 3",
    "created_at": "2026-02-07T19:54:03.290Z"
  }
},
{
  "model": "services.servicemedia",
  "pk": 124,
  "fields": {
    "provider": 10,
    "file_url": "https://i.ibb.co.com/F4W11C65/p4.jpg",
    "thumbnail_url": null,
    "is_primary": false,
    "alt_text": "Premium Pet Sitting Co facility photo 4",
    "created_at": "2026-02-07T19:54:03.339Z"
  }
},
{
  "model": "services.servicemedia",
  "pk": 125,
  "fields": {
    "provider": 10,
    "file_url": "https://i.ibb.co.com/q3TvcnZg/p5.jpg",
    "thumbnail_url": null,
    "is_primary": false,
    "alt_text": "Premium Pet Sitting Co facility photo 5",
    "created_at": "2026-02-07T19:54:03.387Z"
  }
},
{
  "model": "services.servicemedia",
  "pk": 126,
  "fields": {
    "provider": 10,
    "file_url": "https://i.ibb.co.com/WpYWTjRP/p6.jpg",
    "thumbnail_url": null,
    "is_primary": false,
    "alt_text": "Premium Pet Sitting Co facility photo 6",
    "created_at": "2026-02-07T19:54:03.435Z"
  }
},
{
  "model": "services.servicemedia",
  "pk": 127,
  "fields": {
    "provider": 10,
    "file_url": "https://i.ibb.co.com/2wCFnG7/p7.jpg",
    "thumbnail_url": null,
    "is_primary": false,
    "alt_text": "Premium Pet Sitting Co facility photo 7",
    "created_at": "2026-02-07T19:54:03.483Z"
  }
},
{
  "model": "services.servicemedia",
  "pk": 128,
  "fields": {
    "provider": 10,
    "file_url": "https://i.ibb.co.com/DfjbW78h/p8.jpg",
    "thumbnail_url": null,
    "is_primary": false,
    "alt_text": "Premium Pet Sitting Co facility photo 8",
    "created_at": "2026-02-07T19:54:03.532Z"
  }
},
{
  "model": "services.servicemedia",
  "pk": 129,
  "fields": {
    "provider": 10,
    "file_url": "https://i.ibb.co.com/1t7ndmsp/p9.jpg",
    "thumbnail_url": null,
    "is_primary": false,
    "alt_text": "Premium Pet Sitting Co facility photo 9",
    "created_at": "2026-02-07T19:54:03.580Z"
  }
},
{
  "model": "services.servicemedia",
  "pk": 130,
  "fields": {
    "provider": 10,
    "file_url": "https://i.ibb.co.com/S4KX8Dh4/p10.jpg",
    "thumbnail_url": null,
    "is_primary": false,
    "alt_text": "Premium Pet Sitting Co facility photo 10",
    "created_at": "2026-02-07T19:54:03.628Z"
  }
},
{
  "model": "services.servicemedia",
  "pk": 131,
  "fields": {
    "provider": 10,
    "file_url": "https://i.ibb.co.com/bh9X2y0/p11.jpg",
    "thumbnail_url": null,
    "is_primary": true,
    "alt_text": "Premium Pet Sitting Co facility photo 11",
    "created_at": "2026-02-07T19:54:03.676Z"
  }
},
{
  "model": "services.servicemedia",
  "pk": 132,
  "fields": {
    "provider": 10,
    "file_url": "https://i.ibb.co.com/TDPhggjC/p12.jpg",
    "thumbnail_url": null,
    "is_primary": false,
    "alt_text": "Premium Pet Sitting Co facility photo 12",
    "created_at": "2026-02-07T19:54:03.724Z"
  }
},
{
  "model": "services.servicemedia",
  "pk": 133,
  "fields": {
    "provider": 11,
    "file_url": "https://i.ibb.co.com/zTjrcM14/p1.jpg",
    "thumbnail_url": null,
    "is_primary": false,
    "alt_text": "Specialty Veterinary Center facility photo 1",
    "created_at": "2026-02-07T19:54:05.377Z"
  }
},
{
  "model": "services.servicemedia",
  "pk": 134,
  "fields": {
    "provider": 11,
    "file_url": "https://i.ibb.co.com/Z6PT0VCv/p2.jpg",
    "thumbnail_url": null,
    "is_primary": false,
    "alt_text": "Specialty Veterinary Center facility photo 2",
    "created_at": "2026-02-07T19:54:05.426Z"
  }
},
{
  "model": "services.servicemedia",
  "pk": 135,
  "fields": {
    "provider": 11,
    "file_url": "https://i.ibb.co.com/gMLWJQn2/p3.jpg",
    "thumbnail_url": null,
    "is_primary": false,
    "alt_text": "Specialty Veterinary Center facility photo 3",
    "created_at": "2026-02-07T19:54:05.474Z"
  }
},
{
  "model": "services.servicemedia",
  "pk": 136,
  "fields": {
    "provider": 11,
    "file_url": "https://i.ibb.co.com/F4W11C65/p4.jpg",
    "thumbnail_url": null,
    "is_primary": false,
    "alt_text": "Specialty Veterinary Center facility photo 4",
    "created_at": "2026-02-07T19:54:05.522Z"
  }
},
{
  "model": "services.servicemedia",
  "pk": 137,
  "fields": {
    "provider": 11,
    "file_url": "https://i.ibb.co.com/q3TvcnZg/p5.jpg",
    "thumbnail_url": null,
    "is_primary": false,
    "alt_text": "Specialty Veterinary Center facility photo 5",
    "created_at": "2026-02-07T19:54:05.571Z"
  }
},
{
  "model": "services.servicemedia",
  "pk": 138,
  "fields": {
    "provider": 11,
    "file_url": "https://i.ibb.co.com/WpYWTjRP/p6.jpg",
    "thumbnail_url": null,
    "is_primary": false,
    "alt_text": "Specialty Veterinary Center facility photo 6",
    "created_at": "2026-02-07T19:54:05.619Z"
  }
},
{
  "model": "services.servicemedia",
  "pk": 139,
  "fields": {
    "provider": 11,
    "file_url": "https://i.ibb.co.com/2wCFnG7/p7.jpg",
    "thumbnail_url": null,
    "is_primary": false,
    "alt_text": "Specialty Veterinary Center facility photo 7",
    "created_at": "2026-02-07T19:54:05.668Z"
  }
},
{
  "model": "services.servicemedia",
  "pk": 140,
  "fields": {
    "provider": 11,
    "file_url": "https://i.ibb.co.com/DfjbW78h/p8.jpg",
    "thumbnail_url": null,
    "is_primary": false,
    "alt_text": "Specialty Veterinary Center facility photo 8",
    "created_at": "2026-02-07T19:54:05.716Z"
  }
},
{
  "model": "services.servicemedia",
  "pk": 141,
  "fields": {
    "provider": 11,
    "file_url": "https://i.ibb.co.com/1t7ndmsp/p9.jpg",
    "thumbnail_url": null,
    "is_primary": false,
    "alt_text": "Specialty Veterinary Center facility photo 9",
    "created_at": "2026-02-07T19:54:05.764Z"
  }
},
{
  "model": "services.servicemedia",
  "pk": 142,
  "fields": {
    "provider": 11,
    "file_url": "https://i.ibb.co.com/S4KX8Dh4/p10.jpg",
    "thumbnail_url": null,
    "is_primary": false,
    "alt_text": "Specialty Veterinary Center facility photo 10",
    "created_at": "2026-02-07T19:54:05.812Z"
  }
},
{
  "model": "services.servicemedia",
  "pk": 143,
  "fields": {
    "provider": 11,
    "file_url": "https://i.ibb.co.com/bh9X2y0/p11.jpg",
    "thumbnail_url": null,
    "is_primary": false,
    "alt_text": "Specialty Veterinary Center facility photo 11",
    "created_at": "2026-02-07T19:54:05.861Z"
  }
},
{
  "model": "services.servicemedia",
  "pk": 144,
  "fields": {
    "provider": 11,
    "file_url": "https://i.ibb.co.com/TDPhggjC/p12.jpg",
    "thumbnail_url": null,
    "is_primary": true,
    "alt_text": "Specialty Veterinary Center facility photo 12",
    "created_at": "2026-02-07T19:54:05.909Z"
  }
},
{
  "model": "services.servicemedia",
  "pk": 145,
  "fields": {
    "provider": 12,
    "file_url": "https://i.ibb.co.com/zTjrcM14/p1.jpg",
    "thumbnail_url": null,
    "is_primary": true,
    "alt_text": "Puppy Prep Training School facility photo 1",
    "created_at": "2026-02-07T19:54:07.749Z"
  }
},
{
  "model": "services.servicemedia",
  "pk": 146,
  "fields": {
    "provider": 12,
    "file_url": "https://i.ibb.co.com/Z6PT0VCv/p2.jpg",
    "thumbnail_url": null,
    "is_primary": false,
    "alt_text": "Puppy Prep Training School facility photo 2",
    "created_at": "2026-02-07T19:54:07.798Z"
  }
},
{
  "model": "services.servicemedia",
  "pk": 147,
  "fields": {
    "provider": 12,
    "file_url": "https://i.ibb.co.com/gMLWJQn2/p3.jpg",
    "thumbnail_url": null,
    "is_primary": false,
    "alt_text": "Puppy Prep Training School facility photo 3",
    "created_at": "2026-02-07T19:54:07.846Z"
  }
},
{
  "model": "services.servicemedia",
  "pk": 148,
  "fields": {
    "provider": 12,
    "file_url": "https://i.ibb.co.com/F4W11C65/p4.jpg",
    "thumbnail_url": null,
    "is_primary": false,
    "alt_text": "Puppy Prep Training School facility photo 4",
    "created_at": "2026-02-07T19:54:07.894Z"
  }
},
{
  "model": "services.servicemedia",
  "pk": 149,
  "fields": {
    "provider": 12,
    "file_url": "https://i.ibb.co.com/q3TvcnZg/p5.jpg",
    "thumbnail_url": null,
    "is_primary": false,
    "alt_text": "Puppy Prep Training School facility photo 5",
    "created_at": "2026-02-07T19:54:07.942Z"
  }
},
{
  "model": "services.servicemedia",
  "pk": 150,
  "fields": {
    "provider": 12,
    "file_url": "https://i.ibb.co.com/WpYWTjRP/p6.jpg",
    "thumbnail_url": null,
    "is_primary": false,
    "alt_text": "Puppy Prep Training School facility photo 6",
    "created_at": "2026-02-07T19:54:07.990Z"
  }
},
{
  "model": "services.servicemedia",
  "pk": 151,
  "fields": {
    "provider": 12,
    "file_url": "https://i.ibb.co.com/2wCFnG7/p7.jpg",
    "thumbnail_url": null,
    "is_primary": false,
    "alt_text": "Puppy Prep Training School facility photo 7",
    "created_at": "2026-02-07T19:54:08.039Z"
  }
},
{
  "model": "services.servicemedia",
  "pk": 152,
  "fields": {
    "provider": 12,
    "file_url": "https://i.ibb.co.com/DfjbW78h/p8.jpg",
    "thumbnail_url": null,
    "is_primary": false,
    "alt_text": "Puppy Prep Training School facility photo 8",
    "created_at": "2026-02-07T19:54:08.087Z"
  }
},
{
  "model": "services.servicemedia",
  "pk": 153,
  "fields": {
    "provider": 12,
    "file_url": "https://i.ibb.co.com/1t7ndmsp/p9.jpg",
    "thumbnail_url": null,
    "is_primary": false,
    "alt_text": "Puppy Prep Training School facility photo 9",
    "created_at": "2026-02-07T19:54:08.136Z"
  }
},
{
  "model": "services.servicemedia",
  "pk": 154,
  "fields": {
    "provider": 12,
    "file_url": "https://i.ibb.co.com/S4KX8Dh4/p10.jpg",
    "thumbnail_url": null,
    "is_primary": false,
    "alt_text": "Puppy Prep Training School facility photo 10",
    "created_at": "2026-02-07T19:54:08.184Z"
  }
},
{
  "model": "services.servicemedia",
  "pk": 155,
  "fields": {
    "provider": 12,
    "file_url": "https://i.ibb.co.com/bh9X2y0/p11.jpg",
    "thumbnail_url": null,
    "is_primary": false,
    "alt_text": "Puppy Prep Training School facility photo 11",
    "created_at": "2026-02-07T19:54:08.233Z"
  }
},
{
  "model": "services.servicemedia",
  "pk": 156,
  "fields": {
    "provider": 12,
    "file_url": "https://i.ibb.co.com/TDPhggjC/p12.jpg",
    "thumbnail_url": null,
    "is_primary": false,
    "alt_text": "Puppy Prep Training School facility photo 12",
    "created_at": "2026-02-07T19:54:08.281Z"
  }
},
{
  "model": "services.servicemedia",
  "pk": 157,
  "fields": {
    "provider": 13,
    "file_url": "https://i.ibb.co.com/zTjrcM14/p1.jpg",
    "thumbnail_url": null,
    "is_primary": false,
    "alt_text": "Luxury Pet Spa facility photo 1",
    "created_at": "2026-02-07T19:54:10.132Z"
  }
},
{
  "model": "services.servicemedia",
  "pk": 158,
  "fields": {
    "provider": 13,
    "file_url": "https://i.ibb.co.com/Z6PT0VCv/p2.jpg",
    "thumbnail_url": null,
    "is_primary": true,
    "alt_text": "Luxury Pet Spa facility photo 2",
    "created_at": "2026-02-07T19:54:10.181Z"
  }
},
{
  "model": "services.servicemedia",
  "pk": 159,
  "fields": {
    "provider": 13,
    "file_url": "https://i.ibb.co.com/gMLWJQn2/p3.jpg",
    "thumbnail_url": null,
    "is_primary": false,
    "alt_text": "Luxury Pet Spa facility photo 3",
    "created_at": "2026-02-07T19:54:10.229Z"
  }
},
{
  "model": "services.servicemedia",
  "pk": 160,
  "fields": {
    "provider": 13,
    "file_url": "https://i.ibb.co.com/F4W11C65/p4.jpg",
    "thumbnail_url": null,
    "is_primary": false,
    "alt_text": "Luxury Pet Spa facility photo 4",
    "created_at": "2026-02-07T19:54:10.277Z"
  }
},
{
  "model": "services.servicemedia",
  "pk": 161,
  "fields": {
    "provider": 13,
    "file_url": "https://i.ibb.co.com/q3TvcnZg/p5.jpg",
    "thumbnail_url": null,
    "is_primary": false,
    "alt_text": "Luxury Pet Spa facility photo 5",
    "created_at": "2026-02-07T19:54:10.325Z"
  }
},
{
  "model": "services.servicemedia",
  "pk": 162,
  "fields": {
    "provider": 13,
    "file_url": "https://i.ibb.co.com/WpYWTjRP/p6.jpg",
    "thumbnail_url": null,
    "is_primary": false,
    "alt_text": "Luxury Pet Spa facility photo 6",
    "created_at": "2026-02-07T19:54:10.373Z"
  }
},
{
  "model": "services.servicemedia",
  "pk": 163,
  "fields": {
    "provider": 13,
    "file_url": "https://i.ibb.co.com/2wCFnG7/p7.jpg",
    "thumbnail_url": null,
    "is_primary": false,
    "alt_text": "Luxury Pet Spa facility photo 7",
    "created_at": "2026-02-07T19:54:10.422Z"
  }
},
{
  "model": "services.servicemedia",
  "pk": 164,
  "fields": {
    "provider": 13,
    "file_url": "https://i.ibb.co.com/DfjbW78h/p8.jpg",
    "thumbnail_url": null,
    "is_primary": false,
    "alt_text": "Luxury Pet Spa facility photo 8",
    "created_at": "2026-02-07T19:54:10.471Z"
  }
},
{
  "model": "services.servicemedia",
  "pk": 165,
  "fields": {
    "provider": 13,
    "file_url": "https://i.ibb.co.com/1t7ndmsp/p9.jpg",
    "thumbnail_url": null,
    "is_primary": false,
    "alt_text": "Luxury Pet Spa facility photo 9",
    "created_at": "2026-02-07T19:54:10.519Z"
  }
},
{
  "model": "services.servicemedia",
  "pk": 166,
  "fields": {
    "provider": 13,
    "file_url": "https://i.ibb.co.com/S4KX8Dh4/p10.jpg",
    "thumbnail_url": null,
    "is_primary": false,
    "alt_text": "Luxury Pet Spa facility photo 10",
    "created_at": "2026-02-07T19:54:10.567Z"
  }
},
{
  "model": "services.servicemedia",
  "pk": 167,
  "fields": {
    "provider": 13,
    "file_url": "https://i.ibb.co.com/bh9X2y0/p11.jpg",
    "thumbnail_url": null,
    "is_primary": false,
    "alt_text": "Luxury Pet Spa facility photo 11",
    "created_at": "2026-02-07T19:54:10.616Z"
  }
},
{
  "model": "services.servicemedia",
  "pk": 168,
  "fields": {
    "provider": 13,
    "file_url": "https://i.ibb.co.com/TDPhggjC/p12.jpg",
    "thumbnail_url": null,
    "is_primary": false,
    "alt_text": "Luxury Pet Spa facility photo 12",
    "created_at": "2026-02-07T19:54:10.664Z"
  }
},
{
  "model": "services.servicemedia",
  "pk": 169,
  "fields": {
    "provider": 14,
    "file_url": "https://i.ibb.co.com/zTjrcM14/p1.jpg",
    "thumbnail_url": null,
    "is_primary": false,
    "alt_text": "Compassionate Care Foster Network facility photo 1",
    "created_at": "2026-02-07T19:54:12.324Z"
  }
},
{
  "model": "services.servicemedia",
  "pk": 170,
  "fields": {
    "provider": 14,
    "file_url": "https://i.ibb.co.com/Z6PT0VCv/p2.jpg",
    "thumbnail_url": null,
    "is_primary": false,
    "alt_text": "Compassionate Care Foster Network facility photo 2",
    "created_at": "2026-02-07T19:54:12.372Z"
  }
},
{
  "model": "services.servicemedia",
  "pk": 171,
  "fields": {
    "provider": 14,
    "file_url": "https://i.ibb.co.com/gMLWJQn2/p3.jpg",
    "thumbnail_url": null,
    "is_primary": true,
    "alt_text": "Compassionate Care Foster Network facility photo 3",
    "created_at": "2026-02-07T19:54:12.420Z"
  }
},
{
  "model": "services.servicemedia",
  "pk": 172,
  "fields": {
    "provider": 14,
    "file_url": "https://i.ibb.co.com/F4W11C65/p4.jpg",
    "thumbnail_url": null,
    "is_primary": false,
    "alt_text": "Compassionate Care Foster Network facility photo 4",
    "created_at": "2026-02-07T19:54:12.468Z"
  }
},
{
  "model": "services.servicemedia",
  "pk": 173,
  "fields": {
    "provider": 14,
    "file_url": "https://i.ibb.co.com/q3TvcnZg/p5.jpg",
    "thumbnail_url": null,
    "is_primary": false,
    "alt_text": "Compassionate Care Foster Network facility photo 5",
    "created_at": "2026-02-07T19:54:12.517Z"
  }
},
{
  "model": "services.servicemedia",
  "pk": 174,
  "fields": {
    "provider": 14,
    "file_url": "https://i.ibb.co.com/WpYWTjRP/p6.jpg",
    "thumbnail_url": null,
    "is_primary": false,
    "alt_text": "Compassionate Care Foster Network facility photo 6",
    "created_at": "2026-02-07T19:54:12.565Z"
  }
},
{
  "model": "services.servicemedia",
  "pk": 175,
  "fields": {
    "provider": 14,
    "file_url": "https://i.ibb.co.com/2wCFnG7/p7.jpg",
    "thumbnail_url": null,
    "is_primary": false,
    "alt_text": "Compassionate Care Foster Network facility photo 7",
    "created_at": "2026-02-07T19:54:12.613Z"
  }
},
{
  "model": "services.servicemedia",
  "pk": 176,
  "fields": {
    "provider": 14,
    "file_url": "https://i.ibb.co.com/DfjbW78h/p8.jpg",
    "thumbnail_url": null,
    "is_primary": false,
    "alt_text": "Compassionate Care Foster Network facility photo 8",
    "created_at": "2026-02-07T19:54:12.662Z"
  }
},
{
  "model": "services.servicemedia",
  "pk": 177,
  "fields": {
    "provider": 14,
    "file_url": "https://i.ibb.co.com/1t7ndmsp/p9.jpg",
    "thumbnail_url": null,
    "is_primary": false,
    "alt_text": "Compassionate Care Foster Network facility photo 9",
    "created_at": "2026-02-07T19:54:12.710Z"
  }
},
{
  "model": "services.servicemedia",
  "pk": 178,
  "fields": {
    "provider": 14,
    "file_url": "https://i.ibb.co.com/S4KX8Dh4/p10.jpg",
    "thumbnail_url": null,
    "is_primary": false,
    "alt_text": "Compassionate Care Foster Network facility photo 10",
    "created_at": "2026-02-07T19:54:12.758Z"
  }
},
{
  "model": "services.servicemedia",
  "pk": 179,
  "fields": {
    "provider": 14,
    "file_url": "https://i.ibb.co.com/bh9X2y0/p11.jpg",
    "thumbnail_url": null,
    "is_primary": false,
    "alt_text": "Compassionate Care Foster Network facility photo 11",
    "created_at": "2026-02-07T19:54:12.806Z"
  }
},
{
  "model": "services.servicemedia",
  "pk": 180,
  "fields": {
    "provider": 14,
    "file_url": "https://i.ibb.co.com/TDPhggjC/p12.jpg",
    "thumbnail_url": null,
    "is_primary": false,
    "alt_text": "Compassionate Care Foster Network facility photo 12",
    "created_at": "2026-02-07T19:54:12.855Z"
  }
},
{
  "model": "services.servicemedia",
  "pk": 181,
  "fields": {
    "provider": 15,
    "file_url": "https://i.ibb.co.com/zTjrcM14/p1.jpg",
    "thumbnail_url": null,
    "is_primary": false,
    "alt_text": "Adventure Dog Walking facility photo 1",
    "created_at": "2026-02-07T19:54:14.513Z"
  }
},
{
  "model": "services.servicemedia",
  "pk": 182,
  "fields": {
    "provider": 15,
    "file_url": "https://i.ibb.co.com/Z6PT0VCv/p2.jpg",
    "thumbnail_url": null,
    "is_primary": false,
    "alt_text": "Adventure Dog Walking facility photo 2",
    "created_at": "2026-02-07T19:54:14.561Z"
  }
},
{
  "model": "services.servicemedia",
  "pk": 183,
  "fields": {
    "provider": 15,
    "file_url": "https://i.ibb.co.com/gMLWJQn2/p3.jpg",
    "thumbnail_url": null,
    "is_primary": false,
    "alt_text": "Adventure Dog Walking facility photo 3",
    "created_at": "2026-02-07T19:54:14.609Z"
  }
},
{
  "model": "services.servicemedia",
  "pk": 184,
  "fields": {
    "provider": 15,
    "file_url": "https://i.ibb.co.com/F4W11C65/p4.jpg",
    "thumbnail_url": null,
    "is_primary": true,
    "alt_text": "Adventure Dog Walking facility photo 4",
    "created_at": "2026-02-07T19:54:14.657Z"
  }
},
{
  "model": "services.servicemedia",
  "pk": 185,
  "fields": {
    "provider": 15,
    "file_url": "https://i.ibb.co.com/q3TvcnZg/p5.jpg",
    "thumbnail_url": null,
    "is_primary": false,
    "alt_text": "Adventure Dog Walking facility photo 5",
    "created_at": "2026-02-07T19:54:14.705Z"
  }
},
{
  "model": "services.servicemedia",
  "pk": 186,
  "fields": {
    "provider": 15,
    "file_url": "https://i.ibb.co.com/WpYWTjRP/p6.jpg",
    "thumbnail_url": null,
    "is_primary": false,
    "alt_text": "Adventure Dog Walking facility photo 6",
    "created_at": "2026-02-07T19:54:14.753Z"
  }
},
{
  "model": "services.servicemedia",
  "pk": 187,
  "fields": {
    "provider": 15,
    "file_url": "https://i.ibb.co.com/2wCFnG7/p7.jpg",
    "thumbnail_url": null,
    "is_primary": false,
    "alt_text": "Adventure Dog Walking facility photo 7",
    "created_at": "2026-02-07T19:54:14.801Z"
  }
},
{
  "model": "services.servicemedia",
  "pk": 188,
  "fields": {
    "provider": 15,
    "file_url": "https://i.ibb.co.com/DfjbW78h/p8.jpg",
    "thumbnail_url": null,
    "is_primary": false,
    "alt_text": "Adventure Dog Walking facility photo 8",
    "created_at": "2026-02-07T19:54:14.849Z"
  }
},
{
  "model": "services.servicemedia",
  "pk": 189,
  "fields": {
    "provider": 15,
    "file_url": "https://i.ibb.co.com/1t7ndmsp/p9.jpg",
    "thumbnail_url": null,
    "is_primary": false,
    "alt_text": "Adventure Dog Walking facility photo 9",
    "created_at": "2026-02-07T19:54:14.898Z"
  }
},
{
  "model": "services.servicemedia",
  "pk": 190,
  "fields": {
    "provider": 15,
    "file_url": "https://i.ibb.co.com/S4KX8Dh4/p10.jpg",
    "thumbnail_url": null,
    "is_primary": false,
    "alt_text": "Adventure Dog Walking facility photo 10",
    "created_at": "2026-02-07T19:54:14.946Z"
  }
},
{
  "model": "services.servicemedia",
  "pk": 191,
  "fields": {
    "provider": 15,
    "file_url": "https://i.ibb.co.com/bh9X2y0/p11.jpg",
    "thumbnail_url": null,
    "is_primary": false,
    "alt_text": "Adventure Dog Walking facility photo 11",
    "created_at": "2026-02-07T19:54:14.994Z"
  }
},
{
  "model": "services.servicemedia",
  "pk": 192,
  "fields": {
    "provider": 15,
    "file_url": "https://i.ibb.co.com/TDPhggjC/p12.jpg",
    "thumbnail_url": null,
    "is_primary": false,
    "alt_text": "Adventure Dog Walking facility photo 12",
    "created_at": "2026-02-07T19:54:15.042Z"
  }
},
{
  "model": "services.servicemedia",
  "pk": 193,
  "fields": {
    "provider": 16,
    "file_url": "https://i.ibb.co.com/zTjrcM14/p1.jpg",
    "thumbnail_url": null,
    "is_primary": false,
    "alt_text": "Mobile Vet Services facility photo 1",
    "created_at": "2026-02-07T19:54:16.688Z"
  }
},
{
  "model": "services.servicemedia",
  "pk": 194,
  "fields": {
    "provider": 16,
    "file_url": "https://i.ibb.co.com/Z6PT0VCv/p2.jpg",
    "thumbnail_url": null,
    "is_primary": false,
    "alt_text": "Mobile Vet Services facility photo 2",
    "created_at": "2026-02-07T19:54:16.736Z"
  }
},
{
  "model": "services.servicemedia",
  "pk": 195,
  "fields": {
    "provider": 16,
    "file_url": "https://i.ibb.co.com/gMLWJQn2/p3.jpg",
    "thumbnail_url": null,
    "is_primary": false,
    "alt_text": "Mobile Vet Services facility photo 3",
    "created_at": "2026-02-07T19:54:16.784Z"
  }
},
{
  "model": "services.servicemedia",
  "pk": 196,
  "fields": {
    "provider": 16,
    "file_url": "https://i.ibb.co.com/F4W11C65/p4.jpg",
    "thumbnail_url": null,
    "is_primary": false,
    "alt_text": "Mobile Vet Services facility photo 4",
    "created_at": "2026-02-07T19:54:16.833Z"
  }
},
{
  "model": "services.servicemedia",
  "pk": 197,
  "fields": {
    "provider": 16,
    "file_url": "https://i.ibb.co.com/q3TvcnZg/p5.jpg",
    "thumbnail_url": null,
    "is_primary": true,
    "alt_text": "Mobile Vet Services facility photo 5",
    "created_at": "2026-02-07T19:54:16.881Z"
  }
},
{
  "model": "services.servicemedia",
  "pk": 198,
  "fields": {
    "provider": 16,
    "file_url": "https://i.ibb.co.com/WpYWTjRP/p6.jpg",
    "thumbnail_url": null,
    "is_primary": false,
    "alt_text": "Mobile Vet Services facility photo 6",
    "created_at": "2026-02-07T19:54:16.929Z"
  }
},
{
  "model": "services.servicemedia",
  "pk": 199,
  "fields": {
    "provider": 16,
    "file_url": "https://i.ibb.co.com/2wCFnG7/p7.jpg",
    "thumbnail_url": null,
    "is_primary": false,
    "alt_text": "Mobile Vet Services facility photo 7",
    "created_at": "2026-02-07T19:54:16.978Z"
  }
},
{
  "model": "services.servicemedia",
  "pk": 200,
  "fields": {
    "provider": 16,
    "file_url": "https://i.ibb.co.com/DfjbW78h/p8.jpg",
    "thumbnail_url": null,
    "is_primary": false,
    "alt_text": "Mobile Vet Services facility photo 8",
    "created_at": "2026-02-07T19:54:17.026Z"
  }
},
{
  "model": "services.servicemedia",
  "pk": 201,
  "fields": {
    "provider": 16,
    "file_url": "https://i.ibb.co.com/1t7ndmsp/p9.jpg",
    "thumbnail_url": null,
    "is_primary": false,
    "alt_text": "Mobile Vet Services facility photo 9",
    "created_at": "2026-02-07T19:54:17.074Z"
  }
},
{
  "model": "services.servicemedia",
  "pk": 202,
  "fields": {
    "provider": 16,
    "file_url": "https://i.ibb.co.com/S4KX8Dh4/p10.jpg",
    "thumbnail_url": null,
    "is_primary": false,
    "alt_text": "Mobile Vet Services facility photo 10",
    "created_at": "2026-02-07T19:54:17.123Z"
  }
},
{
  "model": "services.servicemedia",
  "pk": 203,
  "fields": {
    "provider": 16,
    "file_url": "https://i.ibb.co.com/bh9X2y0/p11.jpg",
    "thumbnail_url": null,
    "is_primary": false,
    "alt_text": "Mobile Vet Services facility photo 11",
    "created_at": "2026-02-07T19:54:17.171Z"
  }
},
{
  "model": "services.servicemedia",
  "pk": 204,
  "fields": {
    "provider": 16,
    "file_url": "https://i.ibb.co.com/TDPhggjC/p12.jpg",
    "thumbnail_url": null,
    "is_primary": false,
    "alt_text": "Mobile Vet Services facility photo 12",
    "created_at": "2026-02-07T19:54:17.220Z"
  }
},
{
  "model": "services.businesshours",
  "pk": 1,
  "fields": {
    "provider": 1,
    "day": 0,
    "open_time": "09:00:00",
    "close_time": "18:00:00",
    "is_closed": false
  }
},
{
  "model": "services.businesshours",
  "pk": 2,
  "fields": {
    "provider": 1,
    "day": 1,
    "open_time": "09:00:00",
    "close_time": "18:00:00",
    "is_closed": false
  }
},
{
  "model": "services.businesshours",
  "pk": 3,
  "fields": {
    "provider": 1,
    "day": 2,
    "open_time": "09:00:00",
    "close_time": "18:00:00",
    "is_closed": false
  }
},
{
  "model": "services.businesshours",
  "pk": 4,
  "fields": {
    "provider": 1,
    "day": 3,
    "open_time": "09:00:00",
    "close_time": "18:00:00",
    "is_closed": false
  }
},
{
  "model": "services.businesshours",
  "pk": 5,
  "fields": {
    "provider": 1,
    "day": 4,
    "open_time": "09:00:00",
    "close_time": "18:00:00",
    "is_closed": false
  }
},
{
  "model": "services.businesshours",
  "pk": 6,
  "fields": {
    "provider": 1,
    "day": 5,
    "open_time": "10:00:00",
    "close_time": "16:00:00",
    "is_closed": false
  }
},
{
  "model": "services.businesshours",
  "pk": 7,
  "fields": {
    "provider": 1,
    "day": 6,
    "open_time": null,
    "close_time": null,
    "is_closed": true
  }
},
{
  "model": "services.businesshours",
  "pk": 8,
  "fields": {
    "provider": 2,
    "day": 0,
    "open_time": "09:00:00",
    "close_time": "18:00:00",
    "is_closed": false
  }
},
{
  "model": "services.businesshours",
  "pk": 9,
  "fields": {
    "provider": 2,
    "day": 1,
    "open_time": "09:00:00",
    "close_time": "18:00:00",
    "is_closed": false
  }
},
{
  "model": "services.businesshours",
  "pk": 10,
  "fields": {
    "provider": 2,
    "day": 2,
    "open_time": "09:00:00",
    "close_time": "18:00:00",
    "is_closed": false
  }
},
{
  "model": "services.businesshours",
  "pk": 11,
  "fields": {
    "provider": 2,
    "day": 3,
    "open_time": "09:00:00",
    "close_time": "18:00:00",
    "is_closed": false
  }
},
{
  "model": "services.businesshours",
  "pk": 12,
  "fields": {
    "provider": 2,
    "day": 4,
    "open_time": "09:00:00",
    "close_time": "18:00:00",
    "is_closed": false
  }
},
{
  "model": "services.businesshours",
  "pk": 13,
  "fields": {
    "provider": 2,
    "day": 5,
    "open_time": "10:00:00",
    "close_time": "16:00:00",
    "is_closed": false
  }
},
{
  "model": "services.businesshours",
  "pk": 14,
  "fields": {
    "provider": 2,
    "day": 6,
    "open_time": null,
    "close_time": null,
    "is_closed": true
  }
},
{
  "model": "services.businesshours",
  "pk": 15,
  "fields": {
    "provider": 3,
    "day": 0,
    "open_time": "09:00:00",
    "close_time": "18:00:00",
    "is_closed": false
  }
},
{
  "model": "services.businesshours",
  "pk": 16,
  "fields": {
    "provider": 3,
    "day": 1,
    "open_time": "09:00:00",
    "close_time": "18:00:00",
    "is_closed": false
  }
},
{
  "model": "services.businesshours",
  "pk": 17,
  "fields": {
    "provider": 3,
    "day": 2,
    "open_time": "09:00:00",
    "close_time": "18:00:00",
    "is_closed": false
  }
},
{
  "model": "services.businesshours",
  "pk": 18,
  "fields": {
    "provider": 3,
    "day": 3,
    "open_time": "09:00:00",
    "close_time": "18:00:00",
    "is_closed": false
  }
},
{
  "model": "services.businesshours",
  "pk": 19,
  "fields": {
    "provider": 3,
    "day": 4,
    "open_time": "09:00:00",
    "close_time": "18:00:00",
    "is_closed": false
  }
},
{
  "model": "services.businesshours",
  "pk": 20,
  "fields": {
    "provider": 3,
    "day": 5,
    "open_time": "10:00:00",
    "close_time": "16:00:00",
    "is_closed": false
  }
},
{
  "model": "services.businesshours",
  "pk": 21,
  "fields": {
    "provider": 3,
    "day": 6,
    "open_time": null,
    "close_time": null,
    "is_closed": true
  }
},
{
  "model": "services.businesshours",
  "pk": 22,
  "fields": {
    "provider": 4,
    "day": 0,
    "open_time": "09:00:00",
    "close_time": "18:00:00",
    "is_closed": false
  }
},
{
  "model": "services.businesshours",
  "pk": 23,
  "fields": {
    "provider": 4,
    "day": 1,
    "open_time": "09:00:00",
    "close_time": "18:00:00",
    "is_closed": false
  }
},
{
  "model": "services.businesshours",
  "pk": 24,
  "fields": {
    "provider": 4,
    "day": 2,
    "open_time": "09:00:00",
    "close_time": "18:00:00",
    "is_closed": false
  }
},
{
  "model": "services.businesshours",
  "pk": 25,
  "fields": {
    "provider": 4,
    "day": 3,
    "open_time": "09:00:00",
    "close_time": "18:00:00",
    "is_closed": false
  }
},
{
  "model": "services.businesshours",
  "pk": 26,
  "fields": {
    "provider": 4,
    "day": 4,
    "open_time": "09:00:00",
    "close_time": "18:00:00",
    "is_closed": false
  }
},
{
  "model": "services.businesshours",
  "pk": 27,
  "fields": {
    "provider": 4,
    "day": 5,
    "open_time": "10:00:00",
    "close_time": "16:00:00",
    "is_closed": false
  }
},
{
  "model": "services.businesshours",
  "pk": 28,
  "fields": {
    "provider": 4,
    "day": 6,
    "open_time": null,
    "close_time": null,
    "is_closed": true
  }
},
{
  "model": "services.businesshours",
  "pk": 29,
  "fields": {
    "provider": 5,
    "day": 0,
    "open_time": "09:00:00",
    "close_time": "18:00:00",
    "is_closed": false
  }
},
{
  "model": "services.businesshours",
  "pk": 30,
  "fields": {
    "provider": 5,
    "day": 1,
    "open_time": "09:00:00",
    "close_time": "18:00:00",
    "is_closed": false
  }
},
{
  "model": "services.businesshours",
  "pk": 31,
  "fields": {
    "provider": 5,
    "day": 2,
    "open_time": "09:00:00",
    "close_time": "18:00:00",
    "is_closed": false
  }
},
{
  "model": "services.businesshours",
  "pk": 32,
  "fields": {
    "provider": 5,
    "day": 3,
    "open_time": "09:00:00",
    "close_time": "18:00:00",
    "is_closed": false
  }
},
{
  "model": "services.businesshours",
  "pk": 33,
  "fields": {
    "provider": 5,
    "day": 4,
    "open_time": "09:00:00",
    "close_time": "18:00:00",
    "is_closed": false
  }
},
{
  "model": "services.businesshours",
  "pk": 34,
  "fields": {
    "provider": 5,
    "day": 5,
    "open_time": "10:00:00",
    "close_time": "16:00:00",
    "is_closed": false
  }
},
{
  "model": "services.businesshours",
  "pk": 35,
  "fields": {
    "provider": 5,
    "day": 6,
    "open_time": null,
    "close_time": null,
    "is_closed": true
  }
},
{
  "model": "services.businesshours",
  "pk": 36,
  "fields": {
    "provider": 6,
    "day": 0,
    "open_time": "09:00:00",
    "close_time": "18:00:00",
    "is_closed": false
  }
},
{
  "model": "services.businesshours",
  "pk": 37,
  "fields": {
    "provider": 6,
    "day": 1,
    "open_time": "09:00:00",
    "close_time": "18:00:00",
    "is_closed": false
  }
},
{
  "model": "services.businesshours",
  "pk": 38,
  "fields": {
    "provider": 6,
    "day": 2,
    "open_time": "09:00:00",
    "close_time": "18:00:00",
    "is_closed": false
  }
},
{
  "model": "services.businesshours",
  "pk": 39,
  "fields": {
    "provider": 6,
    "day": 3,
    "open_time": "09:00:00",
    "close_time": "18:00:00",
    "is_closed": false
  }
},
{
  "model": "services.businesshours",
  "pk": 40,
  "fields": {
    "provider": 6,
    "day": 4,
    "open_time": "09:00:00",
    "close_time": "18:00:00",
    "is_closed": false
  }
},
{
  "model": "services.businesshours",
  "pk": 41,
  "fields": {
    "provider": 6,
    "day": 5,
    "open_time": "10:00:00",
    "close_time": "16:00:00",
    "is_closed": false
  }
},
{
  "model": "services.businesshours",
  "pk": 42,
  "fields": {
    "provider": 6,
    "day": 6,
    "open_time": null,
    "close_time": null,
    "is_closed": true
  }
},
{
  "model": "services.businesshours",
  "pk": 43,
  "fields": {
    "provider": 7,
    "day": 0,
    "open_time": "09:00:00",
    "close_time": "18:00:00",
    "is_closed": false
  }
},
{
  "model": "services.businesshours",
  "pk": 44,
  "fields": {
    "provider": 7,
    "day": 1,
    "open_time": "09:00:00",
    "close_time": "18:00:00",
    "is_closed": false
  }
},
{
  "model": "services.businesshours",
  "pk": 45,
  "fields": {
    "provider": 7,
    "day": 2,
    "open_time": "09:00:00",
    "close_time": "18:00:00",
    "is_closed": false
  }
},
{
  "model": "services.businesshours",
  "pk": 46,
  "fields": {
    "provider": 7,
    "day": 3,
    "open_time": "09:00:00",
    "close_time": "18:00:00",
    "is_closed": false
  }
},
{
  "model": "services.businesshours",
  "pk": 47,
  "fields": {
    "provider": 7,
    "day": 4,
    "open_time": "09:00:00",
    "close_time": "18:00:00",
    "is_closed": false
  }
},
{
  "model": "services.businesshours",
  "pk": 48,
  "fields": {
    "provider": 7,
    "day": 5,
    "open_time": "10:00:00",
    "close_time": "16:00:00",
    "is_closed": false
  }
},
{
  "model": "services.businesshours",
  "pk": 49,
  "fields": {
    "provider": 7,
    "day": 6,
    "open_time": null,
    "close_time": null,
    "is_closed": true
  }
},
{
  "model": "services.businesshours",
  "pk": 50,
  "fields": {
    "provider": 8,
    "day": 0,
    "open_time": "09:00:00",
    "close_time": "18:00:00",
    "is_closed": false
  }
},
{
  "model": "services.businesshours",
  "pk": 51,
  "fields": {
    "provider": 8,
    "day": 1,
    "open_time": "09:00:00",
    "close_time": "18:00:00",
    "is_closed": false
  }
},
{
  "model": "services.businesshours",
  "pk": 52,
  "fields": {
    "provider": 8,
    "day": 2,
    "open_time": "09:00:00",
    "close_time": "18:00:00",
    "is_closed": false
  }
},
{
  "model": "services.businesshours",
  "pk": 53,
  "fields": {
    "provider": 8,
    "day": 3,
    "open_time": "09:00:00",
    "close_time": "18:00:00",
    "is_closed": false
  }
},
{
  "model": "services.businesshours",
  "pk": 54,
  "fields": {
    "provider": 8,
    "day": 4,
    "open_time": "09:00:00",
    "close_time": "18:00:00",
    "is_closed": false
  }
},
{
  "model": "services.businesshours",
  "pk": 55,
  "fields": {
    "provider": 8,
    "day": 5,
    "open_time": "10:00:00",
    "close_time": "16:00:00",
    "is_closed": false
  }
},
{
  "model": "services.businesshours",
  "pk": 56,
  "fields": {
    "provider": 8,
    "day": 6,
    "open_time": null,
    "close_time": null,
    "is_closed": true
  }
},
{
  "model": "services.businesshours",
  "pk": 57,
  "fields": {
    "provider": 9,
    "day": 0,
    "open_time": "09:00:00",
    "close_time": "18:00:00",
    "is_closed": false
  }
},
{
  "model": "services.businesshours",
  "pk": 58,
  "fields": {
    "provider": 9,
    "day": 1,
    "open_time": "09:00:00",
    "close_time": "18:00:00",
    "is_closed": false
  }
},
{
  "model": "services.businesshours",
  "pk": 59,
  "fields": {
    "provider": 9,
    "day": 2,
    "open_time": "09:00:00",
    "close_time": "18:00:00",
    "is_closed": false
  }
},
{
  "model": "services.businesshours",
  "pk": 60,
  "fields": {
    "provider": 9,
    "day": 3,
    "open_time": "09:00:00",
    "close_time": "18:00:00",
    "is_closed": false
  }
},
{
  "model": "services.businesshours",
  "pk": 61,
  "fields": {
    "provider": 9,
    "day": 4,
    "open_time": "09:00:00",
    "close_time": "18:00:00",
    "is_closed": false
  }
},
{
  "model": "services.businesshours",
  "pk": 62,
  "fields": {
    "provider": 9,
    "day": 5,
    "open_time": "10:00:00",
    "close_time": "16:00:00",
    "is_closed": false
  }
},
{
  "model": "services.businesshours",
  "pk": 63,
  "fields": {
    "provider": 9,
    "day": 6,
    "open_time": null,
    "close_time": null,
    "is_closed": true
  }
},
{
  "model": "services.businesshours",
  "pk": 64,
  "fields": {
    "provider": 10,
    "day": 0,
    "open_time": "09:00:00",
    "close_time": "18:00:00",
    "is_closed": false
  }
},
{
  "model": "services.businesshours",
  "pk": 65,
  "fields": {
    "provider": 10,
    "day": 1,
    "open_time": "09:00:00",
    "close_time": "18:00:00",
    "is_closed": false
  }
},
{
  "model": "services.businesshours",
  "pk": 66,
  "fields": {
    "provider": 10,
    "day": 2,
    "open_time": "09:00:00",
    "close_time": "18:00:00",
    "is_closed": false
  }
},
{
  "model": "services.businesshours",
  "pk": 67,
  "fields": {
    "provider": 10,
    "day": 3,
    "open_time": "09:00:00",
    "close_time": "18:00:00",
    "is_closed": false
  }
},
{
  "model": "services.businesshours",
  "pk": 68,
  "fields": {
    "provider": 10,
    "day": 4,
    "open_time": "09:00:00",
    "close_time": "18:00:00",
    "is_closed": false
  }
},
{
  "model": "services.businesshours",
  "pk": 69,
  "fields": {
    "provider": 10,
    "day": 5,
    "open_time": "10:00:00",
    "close_time": "16:00:00",
    "is_closed": false
  }
},
{
  "model": "services.businesshours",
  "pk": 70,
  "fields": {
    "provider": 10,
    "day": 6,
    "open_time": null,
    "close_time": null,
    "is_closed": true
  }
},
{
  "model": "services.businesshours",
  "pk": 71,
  "fields": {
    "provider": 11,
    "day": 0,
    "open_time": "09:00:00",
    "close_time": "18:00:00",
    "is_closed": false
  }
},
{
  "model": "services.businesshours",
  "pk": 72,
  "fields": {
    "provider": 11,
    "day": 1,
    "open_time": "09:00:00",
    "close_time": "18:00:00",
    "is_closed": false
  }
},
{
  "model": "services.businesshours",
  "pk": 73,
  "fields": {
    "provider": 11,
    "day": 2,
    "open_time": "09:00:00",
    "close_time": "18:00:00",
    "is_closed": false
  }
},
{
  "model": "services.businesshours",
  "pk": 74,
  "fields": {
    "provider": 11,
    "day": 3,
    "open_time": "09:00:00",
    "close_time": "18:00:00",
    "is_closed": false
  }
},
{
  "model": "services.businesshours",
  "pk": 75,
  "fields": {
    "provider": 11,
    "day": 4,
    "open_time": "09:00:00",
    "close_time": "18:00:00",
    "is_closed": false
  }
},
{
  "model": "services.businesshours",
  "pk": 76,
  "fields": {
    "provider": 11,
    "day": 5,
    "open_time": "10:00:00",
    "close_time": "16:00:00",
    "is_closed": false
  }
},
{
  "model": "services.businesshours",
  "pk": 77,
  "fields": {
    "provider": 11,
    "day": 6,
    "open_time": null,
    "close_time": null,
    "is_closed": true
  }
},
{
  "model": "services.businesshours",
  "pk": 78,
  "fields": {
    "provider": 12,
    "day": 0,
    "open_time": "09:00:00",
    "close_time": "18:00:00",
    "is_closed": false
  }
},
{
  "model": "services.businesshours",
  "pk": 79,
  "fields": {
    "provider": 12,
    "day": 1,
    "open_time": "09:00:00",
    "close_time": "18:00:00",
    "is_closed": false
  }
},
{
  "model": "services.businesshours",
  "pk": 80,
  "fields": {
    "provider": 12,
    "day": 2,
    "open_time": "09:00:00",
    "close_time": "18:00:00",
    "is_closed": false
  }
},
{
  "model": "services.businesshours",
  "pk": 81,
  "fields": {
    "provider": 12,
    "day": 3,
    "open_time": "09:00:00",
    "close_time": "18:00:00",
    "is_closed": false
  }
},
{
  "model": "services.businesshours",
  "pk": 82,
  "fields": {
    "provider": 12,
    "day": 4,
    "open_time": "09:00:00",
    "close_time": "18:00:00",
    "is_closed": false
  }
},
{
  "model": "services.businesshours",
  "pk": 83,
  "fields": {
    "provider": 12,
    "day": 5,
    "open_time": "10:00:00",
    "close_time": "16:00:00",
    "is_closed": false
  }
},
{
  "model": "services.businesshours",
  "pk": 84,
  "fields": {
    "provider": 12,
    "day": 6,
    "open_time": null,
    "close_time": null,
    "is_closed": true
  }
},
{
  "model": "services.businesshours",
  "pk": 85,
  "fields": {
    "provider": 13,
    "day": 0,
    "open_time": "09:00:00",
    "close_time": "18:00:00",
    "is_closed": false
  }
},
{
  "model": "services.businesshours",
  "pk": 86,
  "fields": {
    "provider": 13,
    "day": 1,
    "open_time": "09:00:00",
    "close_time": "18:00:00",
    "is_closed": false
  }
},
{
  "model": "services.businesshours",
  "pk": 87,
  "fields": {
    "provider": 13,
    "day": 2,
    "open_time": "09:00:00",
    "close_time": "18:00:00",
    "is_closed": false
  }
},
{
  "model": "services.businesshours",
  "pk": 88,
  "fields": {
    "provider": 13,
    "day": 3,
    "open_time": "09:00:00",
    "close_time": "18:00:00",
    "is_closed": false
  }
},
{
  "model": "services.businesshours",
  "pk": 89,
  "fields": {
    "provider": 13,
    "day": 4,
    "open_time": "09:00:00",
    "close_time": "18:00:00",
    "is_closed": false
  }
},
{
  "model": "services.businesshours",
  "pk": 90,
  "fields": {
    "provider": 13,
    "day": 5,
    "open_time": "10:00:00",
    "close_time": "16:00:00",
    "is_closed": false
  }
},
{
  "model": "services.businesshours",
  "pk": 91,
  "fields": {
    "provider": 13,
    "day": 6,
    "open_time": null,
    "close_time": null,
    "is_closed": true
  }
},
{
  "model": "services.businesshours",
  "pk": 92,
  "fields": {
    "provider": 14,
    "day": 0,
    "open_time": "09:00:00",
    "close_time": "18:00:00",
    "is_closed": false
  }
},
{
  "model": "services.businesshours",
  "pk": 93,
  "fields": {
    "provider": 14,
    "day": 1,
    "open_time": "09:00:00",
    "close_time": "18:00:00",
    "is_closed": false
  }
},
{
  "model": "services.businesshours",
  "pk": 94,
  "fields": {
    "provider": 14,
    "day": 2,
    "open_time": "09:00:00",
    "close_time": "18:00:00",
    "is_closed": false
  }
},
{
  "model": "services.businesshours",
  "pk": 95,
  "fields": {
    "provider": 14,
    "day": 3,
    "open_time": "09:00:00",
    "close_time": "18:00:00",
    "is_closed": false
  }
},
{
  "model": "services.businesshours",
  "pk": 96,
  "fields": {
    "provider": 14,
    "day": 4,
    "open_time": "09:00:00",
    "close_time": "18:00:00",
    "is_closed": false
  }
},
{
  "model": "services.businesshours",
  "pk": 97,
  "fields": {
    "provider": 14,
    "day": 5,
    "open_time": "10:00:00",
    "close_time": "16:00:00",
    "is_closed": false
  }
},
{
  "model": "services.businesshours",
  "pk": 98,
  "fields": {
    "provider": 14,
    "day": 6,
    "open_time": null,
    "close_time": null,
    "is_closed": true
  }
},
{
  "model": "services.businesshours",
  "pk": 99,
  "fields": {
    "provider": 15,
    "day": 0,
    "open_time": "09:00:00",
    "close_time": "18:00:00",
    "is_closed": false
  }
},
{
  "model": "services.businesshours",
  "pk": 100,
  "fields": {
    "provider": 15,
    "day": 1,
    "open_time": "09:00:00",
    "close_time": "18:00:00",
    "is_closed": false
  }
},
{
  "model": "services.businesshours",
  "pk": 101,
  "fields": {
    "provider": 15,
    "day": 2,
    "open_time": "09:00:00",
    "close_time": "18:00:00",
    "is_closed": false
  }
},
{
  "model": "services.businesshours",
  "pk": 102,
  "fields": {
    "provider": 15,
    "day": 3,
    "open_time": "09:00:00",
    "close_time": "18:00:00",
    "is_closed": false
  }
},
{
  "model": "services.businesshours",
  "pk": 103,
  "fields": {
    "provider": 15,
    "day": 4,
    "open_time": "09:00:00",
    "close_time": "18:00:00",
    "is_closed": false
  }
},
{
  "model": "services.businesshours",
  "pk": 104,
  "fields": {
    "provider": 15,
    "day": 5,
    "open_time": "10:00:00",
    "close_time": "16:00:00",
    "is_closed": false
  }
},
{
  "model": "services.businesshours",
  "pk": 105,
  "fields": {
    "provider": 15,
    "day": 6,
    "open_time": null,
    "close_time": null,
    "is_closed": true
  }
},
{
  "model": "services.businesshours",
  "pk": 106,
  "fields": {
    "provider": 16,
    "day": 0,
    "open_time": "09:00:00",
    "close_time": "18:00:00",
    "is_closed": false
  }
},
{
  "model": "services.businesshours",
  "pk": 107,
  "fields": {
    "provider": 16,
    "day": 1,
    "open_time": "09:00:00",
    "close_time": "18:00:00",
    "is_closed": false
  }
},
{
  "model": "services.businesshours",
  "pk": 108,
  "fields": {
    "provider": 16,
    "day": 2,
    "open_time": "09:00:00",
    "close_time": "18:00:00",
    "is_closed": false
  }
},
{
  "model": "services.businesshours",
  "pk": 109,
  "fields": {
    "provider": 16,
    "day": 3,
    "open_time": "09:00:00",
    "close_time": "18:00:00",
    "is_closed": false
  }
},
{
  "model": "services.businesshours",
  "pk": 110,
  "fields": {
    "provider": 16,
    "day": 4,
    "open_time": "09:00:00",
    "close_time": "18:00:00",
    "is_closed": false
  }
},
{
  "model": "services.businesshours",
  "pk": 111,
  "fields": {
    "provider": 16,
    "day": 5,
    "open_time": "10:00:00",
    "close_time": "16:00:00",
    "is_closed": false
  }
},
{
  "model": "services.businesshours",
  "pk": 112,
  "fields": {
    "provider": 16,
    "day": 6,
    "open_time": null,
    "close_time": null,
    "is_closed": true
  }
},
{
  "model": "services.fosterservice",
  "pk": 1,
  "fields": {
    "provider": 1,
    "capacity": 8,
    "current_count": 0,
    "current_availability": "available",
    "environment_details": {
      "indoor_space": "500 sq ft",
      "outdoor_space": "Fenced yard 1000 sq ft",
      "separate_areas": true,
      "climate_control": true
    },
    "care_standards": {
      "exercise": "Daily walks and playtime",
      "socialization": "Regular interaction",
      "feeding_schedule": "Twice daily"
    },
    "daily_rate": "45.00",
    "weekly_discount": 15,
    "monthly_rate": "1100.00",
    "video_url": null,
    "species_accepted": [
      1,
      2
    ]
  }
},
{
  "model": "services.fosterservice",
  "pk": 2,
  "fields": {
    "provider": 6,
    "capacity": 5,
    "current_count": 2,
    "current_availability": "available",
    "environment_details": {
      "indoor_space": "500 sq ft",
      "outdoor_space": "Fenced yard 1000 sq ft",
      "separate_areas": true,
      "climate_control": true
    },
    "care_standards": {
      "exercise": "Daily walks and playtime",
      "socialization": "Regular interaction",
      "feeding_schedule": "Twice daily"
    },
    "daily_rate": "40.00",
    "weekly_discount": 10,
    "monthly_rate": "950.00",
    "video_url": null,
    "species_accepted": [
      1,
      2
    ]
  }
},
{
  "model": "services.fosterservice",
  "pk": 3,
  "fields": {
    "provider": 14,
    "capacity": 6,
    "current_count": 1,
    "current_availability": "available",
    "environment_details": {
      "indoor_space": "500 sq ft",
      "outdoor_space": "Fenced yard 1000 sq ft",
      "separate_areas": true,
      "climate_control": true
    },
    "care_standards": {
      "exercise": "Daily walks and playtime",
      "socialization": "Regular interaction",
      "feeding_schedule": "Twice daily"
    },
    "daily_rate": "35.00",
    "weekly_discount": 12,
    "monthly_rate": "850.00",
    "video_url": null,
    "species_accepted": [
      1,
      2
    ]
  }
},
{
  "model": "services.veterinaryclinic",
  "pk": 1,
  "fields": {
    "provider": 2,
    "clinic_type": "general",
    "pricing_info": "Wellness exam: $65, Vaccinations: $25-45, Dental cleaning: $250-400, Spay/Neuter: $150-350",
    "amenities": [
      "Digital X-Ray",
      "Ultrasound",
      "In-house Lab",
      "Surgical Suite",
      "Pharmacy"
    ],
    "emergency_services": true,
    "services_offered": [
      1,
      2,
      4,
      22
    ],
    "species_treated": [
      1,
      2,
      4
    ]
  }
},
{
  "model": "services.veterinaryclinic",
  "pk": 2,
  "fields": {
    "provider": 7,
    "clinic_type": "emergency",
    "pricing_info": "Emergency exam: $150, Critical care: $200-500/day, Emergency surgery: $800-3000",
    "amenities": [
      "Digital X-Ray",
      "Ultrasound",
      "In-house Lab",
      "Surgical Suite",
      "Pharmacy"
    ],
    "emergency_services": true,
    "services_offered": [
      1,
      2,
      4,
      22
    ],
    "species_treated": [
      1,
      2,
      4
    ]
  }
},
{
  "model": "services.veterinaryclinic",
  "pk": 3,
  "fields": {
    "provider": 11,
    "clinic_type": "specialty",
    "pricing_info": "Specialist consultation: $200-350, Advanced imaging: $800-1500, Specialty surgery: $2000-8000",
    "amenities": [
      "Digital X-Ray",
      "Ultrasound",
      "In-house Lab",
      "Surgical Suite",
      "Pharmacy"
    ],
    "emergency_services": false,
    "services_offered": [
      1,
      2,
      4,
      22
    ],
    "species_treated": [
      1,
      2,
      4
    ]
  }
},
{
  "model": "services.veterinaryclinic",
  "pk": 4,
  "fields": {
    "provider": 16,
    "clinic_type": "mobile",
    "pricing_info": "House call exam: $95, Vaccinations: $30-50, Senior wellness panel: $150, Euthanasia: $250-400",
    "amenities": [
      "Digital X-Ray",
      "Ultrasound",
      "In-house Lab",
      "Surgical Suite",
      "Pharmacy"
    ],
    "emergency_services": false,
    "services_offered": [
      1,
      2,
      4,
      22
    ],
    "species_treated": [
      1,
      2,
      4
    ]
  }
},
{
  "model": "services.trainerservice",
  "pk": 1,
  "fields": {
    "provider": 3,
    "primary_method": "positive_reinforcement",
    "training_philosophy": "We believe in building trust and communication through positive reinforcement, creating lasting behavioral change.",
    "certifications": [
      {
        "name": "CPDT-KA",
        "year": 2018
      },
      {
        "name": "KPA CTP",
        "year": 2019
      }
    ],
    "years_experience": 15,
    "offers_private_sessions": true,
    "offers_group_classes": true,
    "offers_board_and_train": false,
    "offers_virtual_training": true,
    "private_session_rate": "85.00",
    "group_class_rate": "35.00",
    "package_options": [
      {
        "name": "Basic Obedience Package",
        "price": 450,
        "sessions": 6
      },
      {
        "name": "Behavior Modification Package",
        "price": 1000,
        "sessions": 10
      }
    ],
    "max_clients": 15,
    "current_client_count": 11,
    "accepting_new_clients": true,
    "video_url": null,
    "specializations": [
      9,
      25
    ],
    "species_trained": [
      1
    ]
  }
},
{
  "model": "services.trainerservice",
  "pk": 2,
  "fields": {
    "provider": 8,
    "primary_method": "positive_reinforcement",
    "training_philosophy": "We believe in building trust and communication through positive reinforcement, creating lasting behavioral change.",
    "certifications": [
      {
        "name": "CPDT-KA",
        "year": 2018
      },
      {
        "name": "KPA CTP",
        "year": 2019
      }
    ],
    "years_experience": 12,
    "offers_private_sessions": true,
    "offers_group_classes": false,
    "offers_board_and_train": false,
    "offers_virtual_training": true,
    "private_session_rate": "120.00",
    "group_class_rate": null,
    "package_options": [
      {
        "name": "Basic Obedience Package",
        "price": 450,
        "sessions": 6
      },
      {
        "name": "Behavior Modification Package",
        "price": 1000,
        "sessions": 10
      }
    ],
    "max_clients": 15,
    "current_client_count": 8,
    "accepting_new_clients": true,
    "video_url": null,
    "specializations": [
      9,
      25
    ],
    "species_trained": [
      1
    ]
  }
},
{
  "model": "services.trainerservice",
  "pk": 3,
  "fields": {
    "provider": 12,
    "primary_method": "positive_reinforcement",
    "training_philosophy": "We believe in building trust and communication through positive reinforcement, creating lasting behavioral change.",
    "certifications": [
      {
        "name": "CPDT-KA",
        "year": 2018
      },
      {
        "name": "KPA CTP",
        "year": 2019
      }
    ],
    "years_experience": 8,
    "offers_private_sessions": true,
    "offers_group_classes": true,
    "offers_board_and_train": false,
    "offers_virtual_training": true,
    "private_session_rate": "75.00",
    "group_class_rate": "30.00",
    "package_options": [
      {
        "name": "Basic Obedience Package",
        "price": 450,
        "sessions": 6
      },
      {
        "name": "Behavior Modification Package",
        "price": 1000,
        "sessions": 10
      }
    ],
    "max_clients": 15,
    "current_client_count": 11,
    "accepting_new_clients": true,
    "video_url": null,
    "specializations": [
      9,
      25
    ],
    "species_trained": [
      1
    ]
  }
},
{
  "model": "services.groomerservice",
  "pk": 1,
  "fields": {
    "provider": 4,
    "salon_type": "salon",
    "base_price": "55.00",
    "service_menu": [
      {
        "name": "Full Groom",
        "price": 65,
        "description": "Bath, haircut, nails, ears"
      },
      {
        "name": "Bath & Brush",
        "price": 45,
        "description": "Bath, blow dry, brush out"
      },
      {
        "name": "Nail Trim",
        "price": 15,
        "description": "Nail trimming and filing"
      },
      {
        "name": "De-shedding Treatment",
        "price": 35,
        "description": "Special treatment to reduce shedding"
      }
    ],
    "amenities": [
      "Hypoallergenic Products",
      "Breed-Specific Cuts",
      "Gentle Handling",
      "One-on-One Attention"
    ],
    "species_accepted": [
      1,
      2
    ]
  }
},
{
  "model": "services.groomerservice",
  "pk": 2,
  "fields": {
    "provider": 9,
    "salon_type": "mobile",
    "base_price": "75.00",
    "service_menu": [
      {
        "name": "Full Groom",
        "price": 65,
        "description": "Bath, haircut, nails, ears"
      },
      {
        "name": "Bath & Brush",
        "price": 45,
        "description": "Bath, blow dry, brush out"
      },
      {
        "name": "Nail Trim",
        "price": 15,
        "description": "Nail trimming and filing"
      },
      {
        "name": "De-shedding Treatment",
        "price": 35,
        "description": "Special treatment to reduce shedding"
      }
    ],
    "amenities": [
      "Hypoallergenic Products",
      "Breed-Specific Cuts",
      "Gentle Handling",
      "One-on-One Attention"
    ],
    "species_accepted": [
      1,
      2
    ]
  }
},
{
  "model": "services.groomerservice",
  "pk": 3,
  "fields": {
    "provider": 13,
    "salon_type": "salon",
    "base_price": "95.00",
    "service_menu": [
      {
        "name": "Full Groom",
        "price": 65,
        "description": "Bath, haircut, nails, ears"
      },
      {
        "name": "Bath & Brush",
        "price": 45,
        "description": "Bath, blow dry, brush out"
      },
      {
        "name": "Nail Trim",
        "price": 15,
        "description": "Nail trimming and filing"
      },
      {
        "name": "De-shedding Treatment",
        "price": 35,
        "description": "Special treatment to reduce shedding"
      }
    ],
    "amenities": [
      "Hypoallergenic Products",
      "Breed-Specific Cuts",
      "Gentle Handling",
      "One-on-One Attention"
    ],
    "species_accepted": [
      1,
      2
    ]
  }
},
{
  "model": "services.petsitterservice",
  "pk": 1,
  "fields": {
    "provider": 5,
    "offers_dog_walking": true,
    "offers_house_sitting": true,
    "offers_drop_in_visits": true,
    "walking_rate": "25.00",
    "house_sitting_rate": "65.00",
    "drop_in_rate": "30.00",
    "years_experience": 8,
    "is_insured": true,
    "has_transport": true,
    "service_radius_km": 15,
    "species_accepted": [
      1,
      2,
      3
    ]
  }
},
{
  "model": "services.petsitterservice",
  "pk": 2,
  "fields": {
    "provider": 10,
    "offers_dog_walking": true,
    "offers_house_sitting": true,
    "offers_drop_in_visits": true,
    "walking_rate": "35.00",
    "house_sitting_rate": "95.00",
    "drop_in_rate": "45.00",
    "years_experience": 10,
    "is_insured": true,
    "has_transport": true,
    "service_radius_km": 15,
    "species_accepted": [
      1,
      2,
      3
    ]
  }
},
{
  "model": "services.petsitterservice",
  "pk": 3,
  "fields": {
    "provider": 15,
    "offers_dog_walking": true,
    "offers_house_sitting": true,
    "offers_drop_in_visits": true,
    "walking_rate": "40.00",
    "house_sitting_rate": "75.00",
    "drop_in_rate": "35.00",
    "years_experience": 6,
    "is_insured": true,
    "has_transport": true,
    "service_radius_km": 15,
    "species_accepted": [
      1,
      2,
      3
    ]
  }
},
{
  "model": "services.servicebooking",
  "pk": 1,
  "fields": {
    "provider": 2,
    "client": 12,
    "pet": 3,
    "guest_client_name": "",
    "guest_pet_name": "",
    "guest_email": null,
    "guest_phone": "",
    "service_option": null,
    "booking_type": "standard",
    "booking_date": "2026-02-10",
    "booking_time": "14:00:00",
    "start_datetime": "2026-02-10T08:00:42Z",
    "end_datetime": "2026-02-10T09:00:42Z",
    "agreed_price": "0.00",
    "deposit_paid": "0.00",
    "special_requirements": "1st booking in your clinic",
    "status": "pending",
    "payment_status": "pending",
    "payment_method": "platform",
    "cancellation_reason": null,
    "created_at": "2026-02-07T20:37:58.769Z",
    "updated_at": "2026-02-07T20:37:58.769Z"
  }
},
{
  "model": "services.servicebooking",
  "pk": 2,
  "fields": {
    "provider": 11,
    "client": 12,
    "pet": 33,
    "guest_client_name": "",
    "guest_pet_name": "",
    "guest_email": null,
    "guest_phone": "",
    "service_option": null,
    "booking_type": "standard",
    "booking_date": "2026-02-09",
    "booking_time": "11:00:00",
    "start_datetime": "2026-02-09T05:00:13Z",
    "end_datetime": "2026-02-09T06:00:13Z",
    "agreed_price": "0.00",
    "deposit_paid": "0.00",
    "special_requirements": "Excited to meet with you!",
    "status": "pending",
    "payment_status": "pending",
    "payment_method": "platform",
    "cancellation_reason": null,
    "created_at": "2026-02-07T20:51:44.868Z",
    "updated_at": "2026-02-07T20:51:44.868Z"
  }
},
{
  "model": "services.servicebooking",
  "pk": 3,
  "fields": {
    "provider": 14,
    "client": 12,
    "pet": 12,
    "guest_client_name": "",
    "guest_pet_name": "",
    "guest_email": null,
    "guest_phone": "",
    "service_option": null,
    "booking_type": "recurring",
    "booking_date": "2026-02-10",
    "booking_time": null,
    "start_datetime": "2026-02-10T21:14:08Z",
    "end_datetime": "2026-02-19T21:14:08Z",
    "agreed_price": "0.00",
    "deposit_paid": "0.00",
    "special_requirements": "Expecting good services!",
    "status": "pending",
    "payment_status": "pending",
    "payment_method": "platform",
    "cancellation_reason": null,
    "created_at": "2026-02-07T21:14:51.885Z",
    "updated_at": "2026-02-07T21:14:51.885Z"
  }
},
{
  "model": "services.servicebooking",
  "pk": 4,
  "fields": {
    "provider": 8,
    "client": 12,
    "pet": 35,
    "guest_client_name": "",
    "guest_pet_name": "",
    "guest_email": null,
    "guest_phone": "",
    "service_option": null,
    "booking_type": "standard",
    "booking_date": "2026-02-09",
    "booking_time": "10:00:00",
    "start_datetime": "2026-02-09T04:00:34Z",
    "end_datetime": "2026-02-09T05:00:34Z",
    "agreed_price": "120.00",
    "deposit_paid": "0.00",
    "special_requirements": "Please maintain the time slot. I can effort delay.",
    "status": "confirmed",
    "payment_status": "pending",
    "payment_method": "platform",
    "cancellation_reason": "",
    "created_at": "2026-02-09T16:48:22.124Z",
    "updated_at": "2026-02-09T16:57:57.268Z"
  }
},
{
  "model": "services.servicebooking",
  "pk": 5,
  "fields": {
    "provider": 9,
    "client": 12,
    "pet": 10,
    "guest_client_name": "",
    "guest_pet_name": "",
    "guest_email": null,
    "guest_phone": "",
    "service_option": null,
    "booking_type": "standard",
    "booking_date": "2026-02-20",
    "booking_time": "16:00:00",
    "start_datetime": "2026-02-20T10:00:47Z",
    "end_datetime": "2026-02-20T11:00:47Z",
    "agreed_price": "75.00",
    "deposit_paid": "0.00",
    "special_requirements": "1st booking",
    "status": "confirmed",
    "payment_status": "pending",
    "payment_method": "platform",
    "cancellation_reason": "",
    "created_at": "2026-02-09T18:20:47.448Z",
    "updated_at": "2026-02-09T18:22:49.448Z"
  }
}
]
